order,collection_date,day,time,site,temp,mass,color_check,plate,remove,notes,live_index,viability,cutoff,hues
,2/20/2025,0,1,south VA,-22,C,,A12,1,"dry, moldy",,,,
,2/20/2025,0,6,south VA,-22,A,,A13,1,dry,,,,
,2/20/2025,0,0,south VA,3,B,,A4,1,dry,,,,
,2/20/2025,0,6,south VA,-22,C,,B13,1,dry,,,,
,2/20/2025,0,0,north VA,-22,E,,C1,1,dry,,,,
,2/20/2025,0,1,south VA,-22,D,,C12,1,"dry, very moldy",,,,
,2/20/2025,0,6,north VA,-22,C,,C13,1,"dry, moldy",,,,
,2/20/2025,0,0,south VA,-22,B,,C7,1,"dry, slightly moldy",,,,
,2/20/2025,0,1,north VA,-22,D,,D12,1,"dry, moldy",,,,
,2/20/2025,0,6,south VA,-22,G,,D13,1,dry,,,,
,2/20/2025,0,0,south VA,-22,F,,D3,1,dry,,,,
,2/20/2025,0,0,north VA,3,D,,D4,1,"dry, slightly moldy",,,,
,2/20/2025,0,1,south VA,-22,A,,E11,1,dry,,,,
,2/20/2025,0,1,south VA,-22,B,,E12,1,"dry, slightly moldy",,,,
,2/20/2025,0,6,south VA,-22,G,,E14,1,dry,,,,
,2/20/2025,0,0,north VA,3,B,,E3,1,dry,,,,
,2/20/2025,0,1,north VA,-22,B,,F12,1,dry,,,,
,2/20/2025,0,6,south VA,-22,F,,F13,1,"dry, slightly moldy",,,,
,2/20/2025,0,0,south VA,-22,G,,G1,1,"dry, slightly moldy",,,,
,2/20/2025,0,6,south VA,-22,C,,G14,1,dry,,,,
,2/20/2025,0,1,south VA,-22,C,,H10,1,dry,,,,
,2/20/2025,0,1,south VA,-22,E,,H12,1,"dry, very moldy",,,,
,2/20/2025,0,6,north VA,-22,E,,H13,1,dry,,,,
,2/20/2025,0,6,north VA,-22,E,,I12,1,dry,,,,
,2/20/2025,0,6,south VA,-22,A,,I14,1,"dry, moldy",,,,
,2/20/2025,0,1,south VA,-22,E,,I9,1,"dry, very moldy",,,,
,2/20/2025,0,1,north VA,-22,C,,J11,1,"dry, moldy",,,,
,2/20/2025,0,6,north VA,-22,E,,J15,1,dry,,,,
,2/20/2025,0,0,north VA,-22,C,,J4,1,"dry, moldy",,,,
,2/20/2025,0,0,south VA,3,A,,J8,1,"dry, moldy",,,,
,2/20/2025,0,1,south VA,-22,C,,K10,1,dry,,,,
,2/20/2025,0,1,south VA,-22,F,,K11,1,"dry, moldy",,,,
,2/20/2025,0,6,south VA,-22,E,,K14,1,"dry, very moldy",,,,
,2/20/2025,0,6,north VA,-22,A,,K15,1,dry,,,,
,2/20/2025,0,0,north VA,3,A,,K2,1,"dry, moldy",,,,
,2/20/2025,0,1,north VA,-22,B,,L10,1,dry,,,,
,2/20/2025,0,6,north VA,-22,G,,L14,1,"dry, moldy",,,,
,2/20/2025,0,1,north VA,-22,F,,L8,1,"dry, moldy",,,,
,2/20/2025,0,0,north VA,-22,D,,N1,1,dry,,,,
,2/20/2025,0,1,north VA,-22,A,,N10,1,"dry, moldy",,,,
,2/20/2025,0,1,north VA,-22,F,,N11,1,dry,,,,
,2/20/2025,0,1,north VA,-22,A,,N8,1,"dry, moldy",,,,
,2/20/2025,0,1,south VA,-22,E,,N9,1,"dry, very moldy",,,,
,2/20/2025,0,1,south VA,-22,A,,O11,1,"dry, very moldy",,,,
,2/20/2025,0,6,south VA,-22,E,,O13,1,"dry, slightly moldy",,,,
,2/20/2025,0,0,north VA,-22,C,,O2,1,"dry, moldy",,,,
,2/20/2025,0,0,south VA,-22,F,,O3,1,"dry, slightly moldy",,,,
,2/20/2025,0,1,south VA,-22,B,,O8,1,"dry, very moldy",,,,
,2/20/2025,0,1,north VA,-22,G,,P10,1,dry,,,,
,2/20/2025,0,1,north VA,-22,C,,P11,1,"dry, moldy",,,,
,2/20/2025,0,6,south VA,-22,E,,P12,1,"dry, slightly moldy",,,,
,2/20/2025,0,6,north VA,-22,B,,P13,1,"dry, moldy",,,,
,2/20/2025,0,6,north VA,-22,E,,P14,1,"dry, moldy",,,,
,2/20/2025,0,1,south VA,-22,D,,P2,1,"dry, very moldy",,,,
,2/20/2025,0,1,south VA,-22,C,,P8,1,"dry, moldy",,,,
,2/20/2025,0,6,north VA,-22,D,,R4,1,dry,,,,
446,1/21/2026,0,0,CT,3,C,,A7,1,dry,,,,
449,1/21/2026,0,0,CT,-18,A,,D7,1,"dry, moldy",,,,
405,1/21/2026,0,0,CT,3,D,colorless,F3,1,partially lost egg contents,,,,
420,1/21/2026,0,0,CT,-22,B,,F4,1,"dry, moldy",,,,
453,1/21/2026,0,0,CT,-22,F,,H7,1,"dry, moldy",,,,
482,1/21/2026,0,0,CT,-22,B,,H9,1,"dry, moldy",,,,
409,1/21/2026,0,0,Live Control,,,colorless,J3,1,,5.34E-05,,,
412,1/21/2026,0,0,CT,-18,G,,N3,1,"dry, moldy",,,,
414,1/21/2026,0,0,CT,-22,F,,P3,1,"dry, moldy",,,,
429,1/21/2026,0,0,CT,-22,F,,P4,1,"dry, moldy",,,,
391,1/21/2026,0,0,CT,-22,F,,,1,"moldy, dropped and lost",,,,
768,3/2/2026,0,0,CT,-22,F,,A14,1,dry,,,,
753,3/2/2026,0,0,CT,3,C,,C13,1,dry,,,,
771,3/2/2026,0,0,CT,-22,D,,D14,1,dry,,,,
767,3/2/2026,0,0,CT,3,D,,DD13,1,dry,,,,
784,3/2/2026,0,0,CT,3,B,,DD14,1,dry,,,,
739,3/2/2026,0,0,CT,3,E,colorless,R12,1,dry,,,,
789,3/2/2026,0,0,CT,-18,E,,R15,1,"dry, moldy",,,,
758,3/2/2026,0,0,CT,-22,A,,U13,1,dry,,,,
745,3/2/2026,0,0,CT,-18,D,purple,X12,1,dry,,,,
780,3/2/2026,0,0,CT,-18,D,,Z14,1,dry,,,,
797,3/2/2026,0,0,CT,3,D,,Z15,1,dry,,,,
,2/20/2025,1,24,north VA,-22,G,,A16,1,"dry, slightly moldy",,,,
,2/20/2025,1,24,south VA,3,C,,A17,1,"dry, moldy",,,,
,2/20/2025,1,24,north VA,-22,F,,A19,1,"dry, moldy",,,,
,2/20/2025,1,24,south VA,3,A,,AA4,1,"dry, slightly moldy",,,,
,2/20/2025,1,24,south VA,-22,E,,C5,1,"dry, very moldy",,,,
,2/20/2025,1,24,north VA,-22,A,,D16,1,"dry, moldy",,,,
,2/20/2025,1,24,north VA,-22,B,,D17,1,dry,,,,
,2/20/2025,1,24,north VA,-22,G,,D18,1,dry,,,,
,2/20/2025,1,24,south VA,-22,E,,E5,1,"dry, moldy",,,,
,2/20/2025,1,24,north VA,-22,D,,F5,1,"dry, moldy",,,,
,2/20/2025,1,24,south VA,3,B,,G17,1,dry,,,,
,2/20/2025,1,24,north VA,-22,D,,G5,1,"dry, moldy",,,,
,2/20/2025,1,24,north VA,-22,D,,H5,1,"dry, moldy",,,,
,2/20/2025,1,24,south VA,-22,D,,I5,1,"dry, moldy",,,,
,2/20/2025,1,24,south VA,-22,A,,J18,1,"dry, green mold",,,,
,2/20/2025,1,24,south VA,-22,D,,J5,1,"dry, moldy",,,,
,2/20/2025,1,24,south VA,-22,A,,K18,1,dry,,,,
,2/20/2025,1,24,south VA,3,A,,K18,1,"dry, slightly moldy",,,,
,2/20/2025,1,24,south VA,-22,F,,K5,1,"dry, moldy",,,,
,2/20/2025,1,24,north VA,-22,E,,L17,1,dry,,,,
,2/20/2025,1,24,south VA,-22,A,,L20,1,"dry, slightly moldy",,,,
,2/20/2025,1,24,south VA,-22,F,,L5,1,"dry, moldy",,,,
,2/20/2025,1,24,north VA,-22,C,,N5,1,"dry, moldy",,,,
,2/20/2025,1,24,north VA,3,A,,O16,1,"dry, moldy",,,,
,2/20/2025,1,24,north VA,-22,C,,O5,1,"dry, moldy",,,,
,2/20/2025,1,24,south VA,-22,E,,O5,1,"dry, very moldy",,,,
,2/20/2025,1,24,south VA,3,D,,O5,1,"dry, very moldy",,,,
,2/20/2025,1,24,north VA,3,A,,P5,1,"dry, moldy",,,,
,2/20/2025,1,24,north VA,3,A,,P5,1,"dry, moldy",,,,
,2/20/2025,1,24,north VA,-22,E,,R4,1,dry,,,,
,2/20/2025,1,24,south VA,-22,F,,W4,1,"dry, moldy",,,,
822,3/2/2026,1,24,CT,-22,E,,B17,1,dry,,,,
840,3/2/2026,1,24,CT,-22,A,,C18,1,dry,,,,
824,3/2/2026,1,24,CT,-22,G,,D17,1,"dry, moldy",,,,
817,3/2/2026,1,24,CT,-22,B,,Z16,1,dry,,,,
,2/20/2025,2,48,south VA,-22,B,,AA1,1,"dry, moldy",,,,
,2/20/2025,2,48,south VA,3,B,,BB8,1,dry,,,,
,2/20/2025,2,48,north VA,-22,F,,Q5,1,"dry, moldy",,,,
,2/20/2025,2,48,south VA,-22,E,,Q5,1,"dry, very moldy",,,,
,2/20/2025,2,48,south VA,-22,F,,Q5,1,"dry, very moldy",,,,
,2/20/2025,2,48,south VA,3,A,,Q5,1,"dry, very moldy",,,,
,2/20/2025,2,48,north VA,-22,C,,R5,1,"dry, moldy",,,,
,2/20/2025,2,48,north VA,-22,B,,R7,1,dry,,,,
,2/20/2025,2,48,south VA,3,A,,R9,1,"dry, slightly moldy",,,,
,2/20/2025,2,48,north VA,-22,G,,S5,1,"dry, moldy",,,,
,2/20/2025,2,48,north VA,3,D,,S5,1,"dry, moldy",,,,
,2/20/2025,2,48,south VA,3,A,,U1,1,"dry, moldy",,,,
,2/20/2025,2,48,south VA,-22,A,,W1,1,dry,,,,
,2/20/2025,2,48,south VA,-22,F,,W3,1,"dry, slightly moldy",,,,
,2/20/2025,2,48,north VA,-22,E,,W7,1,dry,,,,
,2/20/2025,2,48,north VA,-22,E,,X1,1,"dry, slightly moldy",,,,
,2/20/2025,2,48,south VA,-22,B,,X6,1,"dry, slightly moldy",,,,
,2/20/2025,2,48,north VA,-22,E,,X8,1,dry,,,,
,2/20/2025,2,48,south VA,-22,G,,Y2,1,dry,,,,
,2/20/2025,2,48,north VA,-22,F,,Y8,1,dry,,,,
,2/20/2025,2,48,south VA,3,B,,Z1,1,dry,,,,
491,1/21/2026,2,48,CT,-22,F,,A16,1,dry,,,,
493,1/21/2026,2,48,CT,-22,C,,C16,1,"dry, moldy",,,,
525,1/21/2026,2,48,CT,-22,C,,DD6,1,dry,,,,
498,1/21/2026,2,48,CT,-22,E,,H16,1,dry,,,,
500,1/21/2026,2,48,CT,-22,D,,J16,1,dry,,,,
520,1/21/2026,2,48,CT,-22,F,,N17,1,dry,,,,
857,3/2/2026,2,48,CT,-18,F,,E2,1,dry,,,,
893,3/2/2026,2,48,CT,-18,F,,H4,1,dry,,,,
911,3/2/2026,2,48,CT,-18,F,,H6,1,dry,,,,
896,3/2/2026,2,48,CT,-18,D,,K4,1,dry,,,,
864,3/2/2026,2,48,CT,-18,D,,N2,1,dry,,,,
866,3/2/2026,2,48,CT,-18,B,,P2,1,dry,,,,
919,3/2/2026,2,48,CT,3,C,,Q6,1,dry,,,,
888,3/2/2026,2,48,CT,-22,E,,T3,1,dry,,,,
905,3/2/2026,2,48,CT,-18,E,,U4,1,dry,,,,
924,3/2/2026,2,48,CT,3,E,,V6,1,dry,,,,
873,3/2/2026,2,48,CT,3,B,,W2,1,dry,,,,
,2/20/2025,3,72,south VA,3,B,,AA10,1,"dry, green mold",,,,
,2/20/2025,3,72,south VA,-22,A,,AA15,1,dry,,,,
,2/20/2025,3,72,north VA,-22,E,,CC10,1,"dry, slightly moldy",,,,
,2/20/2025,3,72,north VA,3,A,,CC12,1,"dry, slightly moldy",,,,
,2/20/2025,3,72,north VA,-22,G,,CC15,1,dry,,,,
,2/20/2025,3,72,north VA,-22,E,,Q10,1,dry,,,,
,2/20/2025,3,72,south VA,3,E,,R10,1,"dry, moldy",,,,
,2/20/2025,3,72,south VA,-22,B,,R15,1,dry,,,,
,2/20/2025,3,72,south VA,-22,B,,S10,1,dry,,,,
,2/20/2025,3,72,south VA,-22,E,,T13,1,"dry, moldy",,,,
,2/20/2025,3,72,north VA,-22,C,,T5,1,"dry, moldy",,,,
,2/20/2025,3,72,south VA,-22,C,,T5,1,"dry, very moldy",,,,
,2/20/2025,3,72,south VA,-22,E,,T5,1,"dry, very moldy",,,,
,2/20/2025,3,72,south VA,-22,F,,T5,1,"dry, very moldy",,,,
,2/20/2025,3,72,south VA,-22,E,,T5,1,"dry, moldy",,,,
,2/20/2025,3,72,south VA,-22,F,,T5,1,"dry, moldy",,,,
,2/20/2025,3,72,north VA,-22,D,,U5,1,"dry, green mold",,,,
,2/20/2025,3,72,north VA,-22,C,,U5,1,"dry, moldy",,,,
,2/20/2025,3,72,north VA,-22,B,,V12,1,dry,,,,
,2/20/2025,3,72,south VA,-22,G,,V14,1,"dry, slightly moldy",,,,
,2/20/2025,3,72,north VA,-22,F,,V5,1,"dry, slightly moldy",,,,
,2/20/2025,3,72,north VA,-22,G,,V5,1,"dry, moldy",,,,
,2/20/2025,3,72,north VA,-22,G,,V5,1,"dry, moldy",,,,
,2/20/2025,3,72,south VA,3,D,,V5,1,"dry, moldy",,,,
,2/20/2025,3,72,south VA,3,D,,V5,1,"dry, moldy",,,,
,2/20/2025,3,72,north VA,-22,G,,W13,1,empty corion,,,,
,2/20/2025,3,72,north VA,3,D,,W5,1,"dry, moldy",,,,
,2/20/2025,3,72,north VA,3,E,,W5,1,"dry, very moldy",,,,
,2/20/2025,3,72,north VA,3,A,,W5,1,"dry, very moldy",,,,
,2/20/2025,3,72,north VA,3,A,,W5,1,"dry, very moldy",,,,
,2/20/2025,3,72,north VA,3,A,,W5,1,"dry, moldy",,,,
,2/20/2025,3,72,north VA,-22,D,,Y5,1,"dry, green mold",,,,
545,1/21/2026,3,36,CT,-22,C,,A19,1,dry,,,,
535,1/21/2026,3,36,CT,-22,F,,H18,1,dry,,,,
555,1/21/2026,3,72,CT,-22,E,,J19,1,dry,,,,
926,3/2/2026,3,72,CT,-18,F,,E7,1,dry,,,,
943,3/2/2026,3,72,CT,-22,E,,E8,1,dry,,,,
962,3/2/2026,3,72,CT,-22,D,,E9,1,dry,,,,
944,3/2/2026,3,72,CT,-18,G,,F8,1,dry,,,,
945,3/2/2026,3,72,CT,-22,D,,G8,1,dry,,,,
948,3/2/2026,3,72,CT,-18,F,,J8,1,dry,,,,
967,3/2/2026,3,72,CT,-18,D,,J9,1,dry,,,,
952,3/2/2026,3,72,CT,-18,E,,O8,1,dry,,,,
971,3/2/2026,3,72,CT,-18,F,,O9,1,"dry, moldy",,,,
972,3/2/2026,3,72,CT,-22,B,colorless,P9,1,"dry, moldy",,,,
954,3/2/2026,3,72,CT,-18,D,,Q8,1,dry,,,,
940,3/2/2026,3,72,CT,-18,E,,T7,1,dry,,,,
957,3/2/2026,3,72,CT,-22,G,,T8,1,dry,,,,
958,3/2/2026,3,72,CT,-18,E,,U8,1,"dry, moldy",,,,
978,3/2/2026,3,72,CT,-22,F,,V9,1,"dry, moldy",,,,
616,1/21/2026,4,96,CT,-18,D,,B4,1,dry,,,,
580,1/21/2026,4,96,CT,-18,F,,CC1,1,dry,,,,
597,1/21/2026,4,96,CT,-22,F,,CC2,1,dry,,,,
613,1/21/2026,4,96,CT,-18,C,,CC3,1,dry,,,,
648,1/21/2026,4,96,CT,-18,C,,CC7,1,dry,,,,
569,1/21/2026,4,96,CT,-18,C,,D1,1,dry,,,,
598,1/21/2026,4,96,CT,-18,D,,DD2,1,"dry, moldy",,,,
615,1/21/2026,4,96,CT,-18,E,,DD3,1,"moldy, dry",,,,
571,1/21/2026,4,96,CT,3,E,,S1,1,dry,,,,
637,1/21/2026,4,96,CT,-22,G,,S6,1,dry,,,,
605,1/21/2026,4,96,CT,-18,C,,T3,1,dry,,,,
622,1/21/2026,4,96,CT,-22,F,,U4,1,dry,,,,
576,1/21/2026,4,96,CT,-22,D,,X1,1,dry,,,,
1038,3/2/2026,4,96,CT,-18,D,,BB2,1,dry,,,,
1041,3/2/2026,4,96,CT,-18,B,,F19,1,dry,,,,
1006,3/2/2026,4,96,CT,-22,F,,H17,1,dry,,,,
1060,3/2/2026,4,96,CT,-22,B,,H20,1,dry,,,,
1044,3/2/2026,4,96,CT,3,B,,I19,1,dry,,,,
1027,3/2/2026,4,96,CT,-18,F,,K18,1,"dry, moldy",,,,
1046,3/2/2026,4,96,CT,-18,E,,K19,1,"dry, moldy",,,,
993,3/2/2026,4,96,CT,-18,D,,L16,1,dry,,,,
995,3/2/2026,4,96,CT,-18,C,,O16,1,dry,,,,
1030,3/2/2026,4,96,CT,-18,G,,O18,1,dry,,,,
1050,3/2/2026,4,96,CT,-18,C,,P19,1,dry,,,,
1068,3/2/2026,4,96,CT,-18,F,,Q20,1,dry,,,,
1000,3/2/2026,4,96,CT,-22,B,,T16,1,dry,,,,
1016,3/2/2026,4,96,CT,-22,E,,Y17,1,dry,,,,
1035,3/2/2026,4,96,CT,-18,F,,Z2,1,"dry, moldy",,,,
1071,3/2/2026,4,96,CT,-22,E,,Z6,1,"dry, moldy",,,,
1107,3/2/2026,5,120,CT,-18,C,,B19,1,dry,,,,
1124,3/2/2026,5,120,CT,-18,F,,B20,1,dry,,,,
1091,3/2/2026,5,120,CT,3,C,,D18,1,dry,,,,
1126,3/2/2026,5,120,CT,-18,G,,D20,1,dry,,,,
1105,3/2/2026,5,120,CT,-18,E,,EE18,1,dry,,,,
1127,3/2/2026,5,120,CT,-18,E,,R20,1,dry,,,,
1129,3/2/2026,5,120,CT,3,C,,T20,1,dry,,,,
1096,3/2/2026,5,120,CT,3,D,,V18,1,"dry, moldy",,,,
1133,3/2/2026,5,120,CT,3,D,,X20,1,dry,,,,
1084,3/2/2026,5,120,CT,-18,F,,Y17,1,dry,,,,
682,1/21/2026,8,192,CT,-18,B,,AA8,1,"dry, moldy",,,,
653,1/21/2026,8,192,CT,-18,B,,B7,1,dry,,,,
670,1/21/2026,8,192,CT,-18,B,,B8,1,dry,,,,
668,1/21/2026,8,192,CT,-18,C,,BB8,1,dry,,,,
655,1/21/2026,8,192,CT,-18,F,,D7,1,dry,,,,
688,1/21/2026,8,192,CT,-18,E,,EE6,1,dry,,,,
658,1/21/2026,8,192,CT,-18,G,,T7,1,dry,,,,
662,1/21/2026,8,192,,-18,D,,X7,1,"dry, moldy",,,,
679,1/21/2026,8,192,CT,-18,C,,X8,1,dry,,,,
680,1/21/2026,8,192,CT,-18,C,,Y8,1,dry,,,,
690,1/21/2026,11,264,CT,3,E,,B9,1,dry,,,,
707,1/21/2026,11,264,CT,3,E,,C10,1,"dry, moldy",,,,
703,1/21/2026,11,264,CT,3,E,,CC9,1,"dry, moldy",,,,
704,1/21/2026,11,264,Live Control,3,,,DD10,1,dry,,,,
716,1/21/2026,11,264,CT,3,E,,Y10,1,dry,,,,
717,1/21/2026,11,264,CT,3,D,,Z10,1,dry,,,,
1,2/20/2025,0,0,north VA,-22,A,purple,A1,,,0.96940966,1,0.491092509,h195:h230
100,2/20/2025,0,1,north VA,-22,D,purple,A10,,,0.998133006,1,0.491092509,h195:h230
110,2/20/2025,0,1,Dead Control,,,colorless,A11,,,0.001139183,0,0.491092509,h195:h230
133,2/20/2025,0,6,south VA,-22,A,colorless,A13,,,0.000506361,0,0.491092509,h195:h230
143,2/20/2025,0,6,south VA,-22,G,colorless,A14,,thick egg contents,0,0,0.491092509,h195:h230
156,2/20/2025,0,6,north VA,-22,F,purple,A15,,,0.99947606,1,0.491092509,h195:h230
13,2/20/2025,0,0,south VA,3,E,purple,A2,,,0.999394757,1,0.491092509,h195:h230
25,2/20/2025,0,0,Dead Control,,,colorless,A3,,,0.000455373,0,0.491092509,h195:h230
50,2/20/2025,0,0,north VA,-22,B,purple,A6,,,0.825283285,1,0.491092509,h195:h230
64,2/20/2025,0,0,north VA,3,A,purple,A7,,,0.958868601,1,0.491092509,h195:h230
78,2/20/2025,0,0,south VA,3,E,purple,A8,,,0.629106588,1,0.491092509,h195:h230
88,2/20/2025,0,1,north VA,-22,G,purple,A9,,,0.998964539,1,0.491092509,h195:h230
2,2/20/2025,0,0,north VA,3,C,purple,B1,,,0.976186698,1,0.491092509,h195:h230
101,2/20/2025,0,1,south VA,-22,F,purple,B10,,,0.999941515,1,0.491092509,h195:h230
111,2/20/2025,0,1,north VA,-22,F,purple,B11,,,1,1,0.491092509,h195:h230
119,2/20/2025,0,1,north VA,-22,E,purple,B12,,,0.94650049,1,0.491092509,h195:h230
134,2/20/2025,0,6,north VA,-22,G,purple,B14,,,0.993783413,1,0.491092509,h195:h230
144,2/20/2025,0,6,north VA,-22,C,purple,B15,,,1,1,0.491092509,h195:h230
14,2/20/2025,0,0,south VA,3,A,purple,B2,,,0.965112928,1,0.491092509,h195:h230
26,2/20/2025,0,0,south VA,-22,B,purple,B3,,,0.988538726,1,0.491092509,h195:h230
37,2/20/2025,0,0,south VA,3,D,purple,B4,,,0.960164968,1,0.491092509,h195:h230
51,2/20/2025,0,0,north VA,-22,D,purple,B6,,,0.980637782,1,0.491092509,h195:h230
65,2/20/2025,0,0,north VA,3,C,purple,B7,,,0.970586997,1,0.491092509,h195:h230
79,2/20/2025,0,0,south VA,3,C,purple,B8,,,0.99575956,1,0.491092509,h195:h230
89,2/20/2025,0,1,south VA,-22,G,purple,B9,,,0.98878744,1,0.491092509,h195:h230
102,2/20/2025,0,1,north VA,-22,G,purple,C10,,,0.991528327,1,0.491092509,h195:h230
112,2/20/2025,0,1,south VA,-22,E,purple,C11,,,0.900688325,1,0.491092509,h195:h230
135,2/20/2025,0,6,south VA,-22,D,colorless,C14,,thick egg contents,0,0,0.491092509,h195:h230
145,2/20/2025,0,6,north VA,-22,A,purple,C15,,,0.956558989,1,0.491092509,h195:h230
15,2/20/2025,0,0,south VA,-22,E,purple,C2,,,0.97143706,1,0.491092509,h195:h230
27,2/20/2025,0,0,north VA,-22,D,purple,C3,,,0.992757609,1,0.491092509,h195:h230
38,2/20/2025,0,0,north VA,-22,B,light purple,C4,,,0.808240575,1,0.491092509,h195:h230
52,2/20/2025,0,0,south VA,-22,A,purple,C6,,,0.999490965,1,0.491092509,h195:h230
80,2/20/2025,0,0,north VA,3,D,colorless,C8,,,2.86E-05,0,0.491092509,h195:h230
90,2/20/2025,0,1,north VA,-22,D,purple,C9,,,0.974488796,1,0.491092509,h195:h230
3,2/20/2025,0,0,north VA,3,A,purple,D1,,,0.975877512,1,0.491092509,h195:h230
103,2/20/2025,0,1,south VA,-22,G,purple,D10,,,0.986917006,1,0.491092509,h195:h230
113,2/20/2025,0,1,south VA,-22,B,purple,D11,,,0.949337064,1,0.491092509,h195:h230
136,2/20/2025,0,6,south VA,-22,F,purple,D14,,,0.888577112,1,0.491092509,h195:h230
146,2/20/2025,0,6,south VA,-22,B,purple,D15,,,0.818992299,1,0.491092509,h195:h230
16,2/20/2025,0,0,south VA,3,D,purple,D2,,,0.979771345,1,0.491092509,h195:h230
53,2/20/2025,0,0,south VA,-22,C,purple,D6,,,0.96531696,1,0.491092509,h195:h230
66,2/20/2025,0,0,south VA,-22,E,purple,D7,,,0.990025218,1,0.491092509,h195:h230
81,2/20/2025,0,0,north VA,-22,G,purple,D8,,,0.832663497,1,0.491092509,h195:h230
91,2/20/2025,0,1,north VA,-22,E,purple,D9,,,0.846917271,1,0.491092509,h195:h230
4,2/20/2025,0,0,Live Control,,,purple,E1,,,0.965311466,1,0.491092509,h195:h230
104,2/20/2025,0,1,north VA,-22,C,purple,E10,,,0.999134757,1,0.491092509,h195:h230
126,2/20/2025,0,6,south VA,-22,B,purple,E13,,,0.989046817,1,0.491092509,h195:h230
147,2/20/2025,0,6,south VA,-22,E,purple,E15,,,0.986954459,1,0.491092509,h195:h230
17,2/20/2025,0,0,north VA,-22,F,purple,E2,,,1,1,0.491092509,h195:h230
39,2/20/2025,0,0,south VA,-22,G,purple,E4,,,0.969045936,1,0.491092509,h195:h230
54,2/20/2025,0,0,north VA,3,B,purple,E6,,,0.996819772,1,0.491092509,h195:h230
67,2/20/2025,0,0,north VA,3,E,purple,E7,,shrivelled,0.813055677,1,0.491092509,h195:h230
82,2/20/2025,0,0,north VA,-22,D,purple,E8,,thick egg contents,0.984597383,1,0.491092509,h195:h230
92,2/20/2025,0,1,north VA,-22,C,purple,E9,,,0.999486142,1,0.491092509,h195:h230
5,2/20/2025,0,0,south VA,3,C,purple,F1,,,0.998396377,1,0.491092509,h195:h230
105,2/20/2025,0,1,south VA,-22,D,purple,F10,,,1,1,0.491092509,h195:h230
114,2/20/2025,0,1,Live Control,,,purple,F11,,,0.999779351,1,0.491092509,h195:h230
137,2/20/2025,0,6,south VA,-22,D,colorless,F14,,thick egg contents,0,0,0.491092509,h195:h230
148,2/20/2025,0,6,north VA,-22,C,purple,F15,,,0.90289005,1,0.491092509,h195:h230
18,2/20/2025,0,0,north VA,3,B,purple,F2,,,0.984623953,1,0.491092509,h195:h230
28,2/20/2025,0,0,south VA,-22,C,purple,F3,,,0.770762475,1,0.491092509,h195:h230
40,2/20/2025,0,0,north VA,-22,F,purple,F4,,,1,1,0.491092509,h195:h230
55,2/20/2025,0,0,north VA,-22,F,purple,F6,,,0.943042674,1,0.491092509,h195:h230
68,2/20/2025,0,0,south VA,-22,F,purple,F7,,,1,1,0.491092509,h195:h230
83,2/20/2025,0,0,north VA,-22,C,purple,F8,,,1,1,0.491092509,h195:h230
93,2/20/2025,0,1,south VA,-22,F,purple,F9,,,0.975447755,1,0.491092509,h195:h230
106,2/20/2025,0,1,north VA,-22,F,colorless,G10,,,0.000383656,0,0.491092509,h195:h230
115,2/20/2025,0,1,north VA,-22,E,purple,G11,,,0.995748932,1,0.491092509,h195:h230
120,2/20/2025,0,1,south VA,-22,G,purple,G12,,,0.995743556,1,0.491092509,h195:h230
127,2/20/2025,0,6,north VA,-22,C,colorless,G13,,,0,0,0.491092509,h195:h230
138,2/20/2025,0,6,north VA,-22,F,purple,G14,,,0.998714397,1,0.491092509,h195:h230
149,2/20/2025,0,6,south VA,-22,B,purple,G15,,,0.086054258,0,0.491092509,h195:h230
19,2/20/2025,0,0,north VA,-22,B,purple,G2,,,0.893202939,1,0.491092509,h195:h230
29,2/20/2025,0,0,north VA,-22,E,purple,G3,,,0.817295938,1,0.491092509,h195:h230
41,2/20/2025,0,0,south VA,3,B,purple,G4,,,0.937910815,1,0.491092509,h195:h230
56,2/20/2025,0,0,south VA,3,A,purple,G6,,,0.999511599,1,0.491092509,h195:h230
69,2/20/2025,0,0,north VA,-22,E,purple,G7,,,0.998853773,1,0.491092509,h195:h230
84,2/20/2025,0,0,north VA,3,C,purple,G8,,,0.999989203,1,0.491092509,h195:h230
94,2/20/2025,0,1,south VA,-22,A,colorless,G9,,slightly moldy,7.45E-06,0,0.491092509,h195:h230
6,2/20/2025,0,0,north VA,-22,C,purple,H1,,,0.96764404,1,0.491092509,h195:h230
116,2/20/2025,0,1,south VA,-22,G,purple,H11,,,0.974484766,1,0.491092509,h195:h230
139,2/20/2025,0,6,Live Control,,,purple,H14,,,0.981729646,1,0.491092509,h195:h230
150,2/20/2025,0,6,south VA,-22,A,colorless,H15,,thick egg contents,0.000134564,0,0.491092509,h195:h230
20,2/20/2025,0,0,south VA,3,B,purple,H2,,,0.999556634,1,0.491092509,h195:h230
30,2/20/2025,0,0,north VA,-22,A,purple,H3,,,0.988701319,1,0.491092509,h195:h230
42,2/20/2025,0,0,north VA,-22,G,purple,H4,,,0.993208517,1,0.491092509,h195:h230
57,2/20/2025,0,0,Live Control,,,purple,H6,,,0.944934519,1,0.491092509,h195:h230
70,2/20/2025,0,0,south VA,-22,G,purple,H7,,,1,1,0.491092509,h195:h230
85,2/20/2025,0,0,north VA,-22,A,purple,H8,,,0.998096743,1,0.491092509,h195:h230
7,2/20/2025,0,0,north VA,3,D,purple,I1,,,0.979969939,1,0.491092509,h195:h230
107,2/20/2025,0,1,south VA,-22,B,purple,I10,,,0.984437608,1,0.491092509,h195:h230
117,2/20/2025,0,1,south VA,-22,F,purple,I11,,,0.993480062,1,0.491092509,h195:h230
128,2/20/2025,0,6,Dead Control,,,colorless,I13,,"dry, moldy",0.006808174,0,0.491092509,h195:h230
151,2/20/2025,0,6,south VA,-22,F,purple,I15,,,0.9259536,1,0.491092509,h195:h230
21,2/20/2025,0,0,south VA,-22,E,purple,I2,,,0.879236044,1,0.491092509,h195:h230
31,2/20/2025,0,0,north VA,3,C,purple,I3,,,0.997907001,1,0.491092509,h195:h230
43,2/20/2025,0,0,north VA,3,D,colorless,I4,,,0.000189677,0,0.491092509,h195:h230
58,2/20/2025,0,0,south VA,-22,D,purple,I6,,,0.999587443,1,0.491092509,h195:h230
71,2/20/2025,0,0,south VA,-22,D,purple,I7,,,0.911608964,1,0.491092509,h195:h230
86,2/20/2025,0,0,north VA,3,B,purple,I8,,,0.953667468,1,0.491092509,h195:h230
8,2/20/2025,0,0,south VA,-22,B,purple,J1,,,0.866000209,1,0.491092509,h195:h230
108,2/20/2025,0,1,north VA,-22,E,purple,J10,,,0.979850399,1,0.491092509,h195:h230
121,2/20/2025,0,6,south VA,-22,D,purple,J12,,,0.931574062,1,0.491092509,h195:h230
129,2/20/2025,0,6,north VA,-22,F,purple,J13,,,0.979561306,1,0.491092509,h195:h230
22,2/20/2025,0,0,south VA,-22,C,purple,J2,,,0.997642365,1,0.491092509,h195:h230
32,2/20/2025,0,0,south VA,3,B,purple,J3,,,0.963659381,1,0.491092509,h195:h230
59,2/20/2025,0,0,north VA,-22,A,purple,J6,,thick egg contents,0.582720705,1,0.491092509,h195:h230
72,2/20/2025,0,0,north VA,-22,B,purple,J7,,,1,1,0.491092509,h195:h230
95,2/20/2025,0,1,south VA,-22,D,purple,J9,,,0.736161274,1,0.491092509,h195:h230
9,2/20/2025,0,0,north VA,3,E,purple,K1,,,0.952718522,1,0.491092509,h195:h230
122,2/20/2025,0,6,north VA,-22,F,purple,K12,,,0.997762956,1,0.491092509,h195:h230
130,2/20/2025,0,6,south VA,-22,C,colorless,K13,,,0,0,0.491092509,h195:h230
33,2/20/2025,0,0,south VA,3,A,purple,K3,,,0.822926688,1,0.491092509,h195:h230
44,2/20/2025,0,0,south VA,-22,B,purple,K4,,,0.99798425,1,0.491092509,h195:h230
60,2/20/2025,0,0,south VA,3,C,purple,K6,,,1,1,0.491092509,h195:h230
73,2/20/2025,0,0,north VA,-22,F,purple,K7,,,0.997504346,1,0.491092509,h195:h230
87,2/20/2025,0,0,south VA,-22,C,purple,K8,,,0.977352038,1,0.491092509,h195:h230
96,2/20/2025,0,1,north VA,-22,B,purple,K9,,,0.93915168,1,0.491092509,h195:h230
10,2/20/2025,0,0,south VA,-22,D,colorless,L1,,,0.752556902,1,0.491092509,h195:h230
118,2/20/2025,0,1,north VA,-22,G,purple,L11,,,0.949156173,1,0.491092509,h195:h230
123,2/20/2025,0,6,north VA,-22,D,purple,L12,,,0.996137741,1,0.491092509,h195:h230
131,2/20/2025,0,6,north VA,-22,D,purple,L13,,,0.989211847,1,0.491092509,h195:h230
152,2/20/2025,0,6,Dead Control,,,colorless,L15,,"dry, moldy",0,0,0.491092509,h195:h230
23,2/20/2025,0,0,south VA,3,E,purple,L2,,,0.999462509,1,0.491092509,h195:h230
34,2/20/2025,0,0,south VA,-22,D,purple,L3,,,1,1,0.491092509,h195:h230
45,2/20/2025,0,0,south VA,3,D,colorless,L4,,thick egg contents,0,0,0.491092509,h195:h230
61,2/20/2025,0,0,north VA,3,E,purple,L6,,,0.990898452,1,0.491092509,h195:h230
74,2/20/2025,0,0,north VA,3,A,purple,L7,,,0.999881575,1,0.491092509,h195:h230
97,2/20/2025,0,1,north VA,-22,A,purple,L9,,,0.95836126,1,0.491092509,h195:h230
124,2/20/2025,0,6,north VA,-22,B,purple,N12,,,0.966277742,1,0.491092509,h195:h230
132,2/20/2025,0,6,south VA,-22,B,purple,N13,,,0.992012994,1,0.491092509,h195:h230
140,2/20/2025,0,6,north VA,-22,B,purple,N14,,,0.956212486,1,0.491092509,h195:h230
153,2/20/2025,0,6,north VA,-22,C,purple,N15,,,0.984069315,1,0.491092509,h195:h230
24,2/20/2025,0,0,south VA,-22,A,purple,N2,,,0.999837715,1,0.491092509,h195:h230
35,2/20/2025,0,0,north VA,-22,G,purple,N3,,,0.997112804,1,0.491092509,h195:h230
46,2/20/2025,0,0,north VA,-22,E,purple,N4,,,0.999710158,1,0.491092509,h195:h230
62,2/20/2025,0,0,south VA,-22,E,purple,N6,,,0.986781344,1,0.491092509,h195:h230
75,2/20/2025,0,0,south VA,-22,A,purple,N7,,,0.972100141,1,0.491092509,h195:h230
11,2/20/2025,0,0,north VA,-22,G,purple,O1,,,0.911758821,1,0.491092509,h195:h230
109,2/20/2025,0,1,north VA,-22,D,purple,O10,,,0.997473299,1,0.491092509,h195:h230
125,2/20/2025,0,6,north VA,-22,G,purple,O12,,,0.964451193,1,0.491092509,h195:h230
141,2/20/2025,0,6,north VA,-22,D,purple,O14,,,0.995388638,1,0.491092509,h195:h230
154,2/20/2025,0,6,north VA,-22,B,purple,O15,,,0.945213069,1,0.491092509,h195:h230
47,2/20/2025,0,0,south VA,-22,G,light purple,O4,,,0.781571655,1,0.491092509,h195:h230
63,2/20/2025,0,0,Dead Control,,,colorless,O6,,"dry, moldy",0.065983924,0,0.491092509,h195:h230
76,2/20/2025,0,0,south VA,3,C,purple,O7,,,0.98729924,1,0.491092509,h195:h230
98,2/20/2025,0,1,south VA,-22,A,colorless,O9,,thick egg contents,0,0,0.491092509,h195:h230
12,2/20/2025,0,0,south VA,-22,A,purple,P1,,,0.987161514,1,0.491092509,h195:h230
142,2/20/2025,0,6,south VA,-22,F,purple,P13,,,0.946655876,1,0.491092509,h195:h230
155,2/20/2025,0,6,south VA,-22,G,purple,P15,,,0.712175185,1,0.491092509,h195:h230
36,2/20/2025,0,0,north VA,3,E,purple,P3,,,0.721314378,1,0.491092509,h195:h230
48,2/20/2025,0,0,south VA,3,E,purple,P4,,,0.999891092,1,0.491092509,h195:h230
77,2/20/2025,0,0,south VA,3,D,light purple,P7,,,0.217042287,0,0.491092509,h195:h230
99,2/20/2025,0,1,north VA,-22,B,purple,P9,,,0.999923382,1,0.491092509,h195:h230
49,2/20/2025,0,0,south VA,-22,F,purple,Q4,,,0.947960799,1,0.491092509,h195:h230
157,2/20/2025,0,6,south VA,-22,D,purple,S4,,,0.865839857,1,0.491092509,h195:h230
374,1/21/2026,0,0,Live Control,,,purple,A1,,,0.828526554,1,0.417062791,h195:h230
387,1/21/2026,0,0,CT,3,B,colorless,A2,,,0,0,0.417062791,h195:h230
400,1/21/2026,0,0,CT,-18,A,purple,A3,,,0.968886844,1,0.417062791,h195:h230
415,1/21/2026,0,0,CT,-22,B,purple,A4,,,0.999954712,1,0.417062791,h195:h230
431,1/21/2026,0,0,CT,3,D,purple,A6,,,0.99664452,1,0.417062791,h195:h230
375,1/21/2026,0,0,Dead Control,,,colorless,B1,,dry,1.87E-05,0,0.417062791,h195:h230
388,1/21/2026,0,0,CT,-18,D,purple,B2,,,0.908248411,1,0.417062791,h195:h230
401,1/21/2026,0,0,CT,-18,F,purple,B3,,,0.987130526,1,0.417062791,h195:h230
416,1/21/2026,0,0,CT,3,C,purple,B4,,,0.777484959,1,0.417062791,h195:h230
432,1/21/2026,0,0,CT,-18,A,purple,B6,,,0.988462047,1,0.417062791,h195:h230
447,1/21/2026,0,0,CT,-18,B,purple,B7,,,0.957770128,1,0.417062791,h195:h230
376,1/21/2026,0,0,CT,3,E,purple,C1,,,0.815366233,1,0.417062791,h195:h230
389,1/21/2026,0,0,CT,-22,G,purple,C2,,,0.999992552,1,0.417062791,h195:h230
402,1/21/2026,0,0,CT,-22,E,purple,C3,,,0.995375408,1,0.417062791,h195:h230
417,1/21/2026,0,0,Dead Control,,,colorless,C4,,,0,0,0.417062791,h195:h230
433,1/21/2026,0,0,CT,-18,E,purple,C6,,,0.959878971,1,0.417062791,h195:h230
448,1/21/2026,0,0,CT,3,E,purple,C7,,,0.650220092,1,0.417062791,h195:h230
377,1/21/2026,0,0,CT,-22,B,purple,D1,,,0.815210888,1,0.417062791,h195:h230
390,1/21/2026,0,0,Dead Control,,,colorless,D2,,dry,0.005599029,0,0.417062791,h195:h230
403,1/21/2026,0,0,CT,-22,A,purple,D3,,,0.989518808,1,0.417062791,h195:h230
418,1/21/2026,0,0,Live Control,,,purple,D4,,,0.945193834,1,0.417062791,h195:h230
434,1/21/2026,0,0,CT,-22,G,purple,D6,,,0.982851099,1,0.417062791,h195:h230
378,1/21/2026,0,0,CT,3,D,purple,E1,,,1,1,0.417062791,h195:h230
392,1/21/2026,0,0,CT,-18,E,purple,E2,,,0.882802192,1,0.417062791,h195:h230
404,1/21/2026,0,0,CT,-22,D,purple,E3,,,0.993411609,1,0.417062791,h195:h230
419,1/21/2026,0,0,CT,-22,E,purple,E4,,,0.999826115,1,0.417062791,h195:h230
435,1/21/2026,0,0,CT,-18,G,purple,E6,,,0.995372129,1,0.417062791,h195:h230
450,1/21/2026,0,0,CT,-18,C,purple,E7,,,0.804785686,1,0.417062791,h195:h230
379,1/21/2026,0,0,CT,-22,E,purple,F1,,,0.649792649,1,0.417062791,h195:h230
393,1/21/2026,0,0,CT,-18,B,purple,F2,,,0.959721892,1,0.417062791,h195:h230
436,1/21/2026,0,0,CT,3,B,purple,F6,,,0.985288603,1,0.417062791,h195:h230
451,1/21/2026,0,0,CT,-22,E,purple,F7,,,0.996266782,1,0.417062791,h195:h230
380,1/21/2026,0,0,CT,3,C,purple,G1,,,0.997703846,1,0.417062791,h195:h230
394,1/21/2026,0,0,CT,-18,G,purple,G2,,,1,1,0.417062791,h195:h230
406,1/21/2026,0,0,CT,-22,G,purple,G3,,,0.992887423,1,0.417062791,h195:h230
421,1/21/2026,0,0,CT,3,A,purple,G4,,,0.974931493,1,0.417062791,h195:h230
437,1/21/2026,0,0,CT,-18,D,purple,G6,,,0.976095047,1,0.417062791,h195:h230
452,1/21/2026,0,0,CT,-22,A,purple,G7,,,0.996468542,1,0.417062791,h195:h230
381,1/21/2026,0,0,CT,-18,A,purple,H1,,,0.922901742,1,0.417062791,h195:h230
395,1/21/2026,0,0,CT,-22,A,purple,H2,,,0.996079836,1,0.417062791,h195:h230
407,1/21/2026,0,0,CT,3,E,purple,H3,,,0.974601561,1,0.417062791,h195:h230
422,1/21/2026,0,0,CT,-18,B,purple,H4,,,0.999720657,1,0.417062791,h195:h230
438,1/21/2026,0,0,CT,-18,C,purple,H6,,,0.834652829,1,0.417062791,h195:h230
382,1/21/2026,0,0,CT,3,A,purple,I1,,,0.906961927,1,0.417062791,h195:h230
396,1/21/2026,0,0,CT,-22,D,purple,I2,,,0.616428328,1,0.417062791,h195:h230
408,1/21/2026,0,0,CT,-18,E,purple,I3,,,0.89598425,1,0.417062791,h195:h230
423,1/21/2026,0,0,CT,3,C,purple,I4,,,0.852343601,1,0.417062791,h195:h230
439,1/21/2026,0,0,CT,-18,E,purple,I6,,,0.999200878,1,0.417062791,h195:h230
454,1/21/2026,0,0,CT,3,A,purple,I7,,,0.999335179,1,0.417062791,h195:h230
383,1/21/2026,0,0,Live Control,,,purple,J1,,moldy,0.99481628,1,0.417062791,h195:h230
397,1/21/2026,0,0,CT,3,B,purple,J2,,,0.966583818,1,0.417062791,h195:h230
424,1/21/2026,0,0,CT,-22,C,purple,J4,,,0.998233736,1,0.417062791,h195:h230
440,1/21/2026,0,0,CT,-22,G,purple,J6,,,0.995792465,1,0.417062791,h195:h230
455,1/21/2026,0,0,CT,-22,C,purple,J7,,,0.963657754,1,0.417062791,h195:h230
384,1/21/2026,0,0,CT,-18,F,purple,K1,,,0.94739357,1,0.417062791,h195:h230
398,1/21/2026,0,0,CT,-18,D,purple,K2,,,0.996933903,1,0.417062791,h195:h230
410,1/21/2026,0,0,CT,-18,C,purple,K3,,,0.994764371,1,0.417062791,h195:h230
425,1/21/2026,0,0,Dead Control,,,colorless,K4,,dry,0.004157382,0,0.417062791,h195:h230
441,1/21/2026,0,0,CT,-18,F,purple,K6,,,0.996921631,1,0.417062791,h195:h230
456,1/21/2026,0,0,CT,3,B,purple,K7,,,0.975131934,1,0.417062791,h195:h230
385,1/21/2026,0,0,CT,-22,C,purple,L1,,,0.990966313,1,0.417062791,h195:h230
399,1/21/2026,0,0,CT,3,A,purple,L20,,,0.992880827,1,0.417062791,h195:h230
411,1/21/2026,0,0,CT,-22,C,purple,L3,,,0.946185856,1,0.417062791,h195:h230
426,1/21/2026,0,0,CT,3,E,purple,L4,,,0.997526207,1,0.417062791,h195:h230
442,1/21/2026,0,0,CT,-22,B,purple,L6,,,0.970649092,1,0.417062791,h195:h230
457,1/21/2026,0,0,Dead Control,,,colorless,L7,,"dry, moldy",0.000760539,0,0.417062791,h195:h230
386,1/21/2026,0,0,CT,-18,C,purple,N1,,,0.977066242,1,0.417062791,h195:h230
427,1/21/2026,0,0,CT,-22,A,purple,N4,,,0.975637366,1,0.417062791,h195:h230
443,1/21/2026,0,0,CT,3,D,purple,N6,,,0.980702054,1,0.417062791,h195:h230
458,1/21/2026,0,0,CT,-22,D,purple,N7,,,0.999037119,1,0.417062791,h195:h230
413,1/21/2026,0,0,CT,-18,B,purple,O3,,,0.999462943,1,0.417062791,h195:h230
428,1/21/2026,0,0,CT,-18,F,purple,O4,,,0.894159308,1,0.417062791,h195:h230
444,1/21/2026,0,0,CT,-18,D,purple,O6,,,0.754491981,1,0.417062791,h195:h230
459,1/21/2026,0,0,Live Control,,,purple,O7,,,0.948424389,1,0.417062791,h195:h230
430,1/21/2026,0,0,CT,-22,D,purple,P2,,,0.550735964,1,0.417062791,h195:h230
445,1/21/2026,0,0,CT,-18,G,purple,P6,,,1,1,0.417062791,h195:h230
460,1/21/2026,0,0,Live Control,,,purple,P7,,,0.986441452,1,0.417062791,h195:h230
719,3/2/2026,0,0,CT,-22,G,purple,A11,,,0.991148153,1,0.373395487,h195:h230
735,3/2/2026,0,0,CT,-18,F,purple,A12,,,0.58088953,1,0.373395487,h195:h230
751,3/2/2026,0,0,CT,-18,G,purple,A13,,,0.973852604,1,0.373395487,h195:h230
785,3/2/2026,0,0,CT,3,E,purple,A15,,,0.955377793,1,0.373395487,h195:h230
732,3/2/2026,0,0,CT,-22,F,purple,AA11,,,0.949931595,1,0.373395487,h195:h230
748,3/2/2026,0,0,CT,-22,D,purple,AA12,,,0.713155448,1,0.373395487,h195:h230
764,3/2/2026,0,0,CT,-22,C,purple,AA13,,,0.655781077,1,0.373395487,h195:h230
781,3/2/2026,0,0,CT,-18,G,purple,AA14,,,0.978401902,1,0.373395487,h195:h230
798,3/2/2026,0,0,CT,-22,D,purple,AA15,,,0.735813307,1,0.373395487,h195:h230
720,3/2/2026,0,0,CT,-18,E,purple,B11,,,0.879077562,1,0.373395487,h195:h230
736,3/2/2026,0,0,Dead Control,,,colorless,B12,,,0,0,0.373395487,h195:h230
752,3/2/2026,0,0,CT,-18,C,purple,B13,,,0.955986969,1,0.373395487,h195:h230
769,3/2/2026,0,0,CT,-18,A,purple,B14,,,0.983436275,1,0.373395487,h195:h230
786,3/2/2026,0,0,Dead Control,,,colorless,B15,,dry,0.001636565,0,0.373395487,h195:h230
733,3/2/2026,0,0,CT,-18,B,purple,BB11,,,0.976076143,1,0.373395487,h195:h230
749,3/2/2026,0,0,CT,-18,A,purple,BB12,,,0.958943017,1,0.373395487,h195:h230
765,3/2/2026,0,0,Live Control,,,light purple,BB13,,,0.789227614,1,0.373395487,h195:h230
782,3/2/2026,0,0,CT,-22,E,purple,BB14,,,0.963713783,1,0.373395487,h195:h230
799,3/2/2026,0,0,CT,-22,F,purple,BB15,,,0.887414421,1,0.373395487,h195:h230
721,3/2/2026,0,0,CT,-22,B,purple,C11,,,0.956024368,1,0.373395487,h195:h230
737,3/2/2026,0,0,CT,-22,E,purple,C12,,,0.984094022,1,0.373395487,h195:h230
770,3/2/2026,0,0,CT,3,C,purple,C14,,,0.996291218,1,0.373395487,h195:h230
787,3/2/2026,0,0,CT,-18,B,purple,C15,,,0.99548301,1,0.373395487,h195:h230
734,3/2/2026,0,0,CT,-22,D,purple,CC11,,,0.974261708,1,0.373395487,h195:h230
750,3/2/2026,0,0,CT,3,D,purple,CC12,,,0.997473492,1,0.373395487,h195:h230
766,3/2/2026,0,0,CT,3,E,purple,CC13,,,0.993859454,1,0.373395487,h195:h230
783,3/2/2026,0,0,CT,-18,B,purple,CC14,,,0.996662495,1,0.373395487,h195:h230
800,3/2/2026,0,0,CT,-22,C,purple,CC15,,,0.996662495,1,0.373395487,h195:h230
722,3/2/2026,0,0,CT,-22,A,purple,D11,,,0.953553002,1,0.373395487,h195:h230
738,3/2/2026,0,0,CT,-18,C,purple,D12,,,0.818050381,1,0.373395487,h195:h230
754,3/2/2026,0,0,CT,3,A,purple,D13,,slightly moldy,0.804068864,1,0.373395487,h195:h230
788,3/2/2026,0,0,CT,-18,C,purple,D15,,,0.967111669,1,0.373395487,h195:h230
803,3/2/2026,0,0,Live Control,,,purple,DD11,,,0.843099759,1,0.373395487,h195:h230
801,3/2/2026,0,0,CT,-18,A,purple,DD15,,,0.893914149,1,0.373395487,h195:h230
804,3/2/2026,0,0,CT,3,D,purple,EE11,,,0.993823652,1,0.373395487,h195:h230
802,3/2/2026,0,0,CT,-22,G,purple,EE15,,,0.998764362,1,0.373395487,h195:h230
723,3/2/2026,0,0,CT,-18,A,purple,R11,,,0.88785252,1,0.373395487,h195:h230
755,3/2/2026,0,0,CT,-22,G,light purple,R13,,,0.986811979,1,0.373395487,h195:h230
772,3/2/2026,0,0,CT,-18,F,purple,R14,,,0.857789041,1,0.373395487,h195:h230
724,3/2/2026,0,0,CT,3,A,purple,S11,,,0.923614006,1,0.373395487,h195:h230
740,3/2/2026,0,0,Dead Control,,,colorless,S12,,,0.000163164,0,0.373395487,h195:h230
756,3/2/2026,0,0,CT,-22,B,purple,S13,,,0.993141778,1,0.373395487,h195:h230
773,3/2/2026,0,0,CT,-18,C,purple,S14,,,0.88403438,1,0.373395487,h195:h230
790,3/2/2026,0,0,CT,-22,B,purple,S15,,,0.966793033,1,0.373395487,h195:h230
725,3/2/2026,0,0,CT,-22,C,purple,T11,,,0.944996612,1,0.373395487,h195:h230
741,3/2/2026,0,0,Live Control,,,purple,T12,,,0.74515441,1,0.373395487,h195:h230
757,3/2/2026,0,0,CT,-22,E,purple,T13,,,0.764835898,1,0.373395487,h195:h230
774,3/2/2026,0,0,CT,-18,E,purple,T14,,,0.769339789,1,0.373395487,h195:h230
791,3/2/2026,0,0,CT,-22,E,purple,T15,,,0.954912666,1,0.373395487,h195:h230
726,3/2/2026,0,0,CT,3,D,purple,U11,,,0.966460036,1,0.373395487,h195:h230
742,3/2/2026,0,0,Dead Control,,,colorless,U12,,,2.91E-05,0,0.373395487,h195:h230
775,3/2/2026,0,0,CT,-22,B,purple,U14,,,0.575241311,1,0.373395487,h195:h230
792,3/2/2026,0,0,CT,-22,A,purple,U15,,,0.986987275,1,0.373395487,h195:h230
727,3/2/2026,0,0,CT,-18,G,purple,V11,,,0.992256289,1,0.373395487,h195:h230
743,3/2/2026,0,0,CT,-18,E,purple,V12,,,0.972000775,1,0.373395487,h195:h230
759,3/2/2026,0,0,CT,3,E,purple,V13,,,0.982944953,1,0.373395487,h195:h230
776,3/2/2026,0,0,CT,-22,G,purple,V14,,,0.595519178,1,0.373395487,h195:h230
793,3/2/2026,0,0,CT,-18,D,purple,V15,,,0.995794868,1,0.373395487,h195:h230
728,3/2/2026,0,0,CT,-18,D,purple,W11,,,0.860515844,1,0.373395487,h195:h230
744,3/2/2026,0,0,CT,-22,C,purple,W12,,,0.99062013,1,0.373395487,h195:h230
760,3/2/2026,0,0,CT,-18,F,purple,W13,,,0.797862526,1,0.373395487,h195:h230
777,3/2/2026,0,0,Dead Control,,,colorless,W14,,"dry, moldy",1.22E-05,0,0.373395487,h195:h230
794,3/2/2026,0,0,CT,-18,F,,W15,,thick,3.55E-05,0,0.373395487,h195:h230
729,3/2/2026,0,0,CT,3,C,purple,X11,,,0.992954558,1,0.373395487,h195:h230
761,3/2/2026,0,0,CT,-18,B,purple,X13,,,0.913710911,1,0.373395487,h195:h230
778,3/2/2026,0,0,CT,3,A,purple,X14,,,0.97077067,1,0.373395487,h195:h230
795,3/2/2026,0,0,CT,-18,G,purple,X15,,,0.988387072,1,0.373395487,h195:h230
730,3/2/2026,0,0,Live Control,,,purple,Y11,,,0.852304692,1,0.373395487,h195:h230
746,3/2/2026,0,0,CT,-22,F,light purple,Y12,,,0.549684179,1,0.373395487,h195:h230
762,3/2/2026,0,0,Live Control,,,purple,Y13,,,0.916385441,1,0.373395487,h195:h230
779,3/2/2026,0,0,CT,-22,A,purple,Y14,,,0.894383011,1,0.373395487,h195:h230
796,3/2/2026,0,0,CT,3,E,purple,Y15,,,0.703002212,1,0.373395487,h195:h230
731,3/2/2026,0,0,CT,3,B,purple,Z11,,,0.796256907,1,0.373395487,h195:h230
747,3/2/2026,0,0,CT,3,B,purple,Z12,,,0.885255273,1,0.373395487,h195:h230
763,3/2/2026,0,0,CT,3,B,purple,Z13,,,0.861497134,1,0.373395487,h195:h230
180,2/20/2025,1,24,north VA,-22,B,colorless,A18,,,0.028286127,0,0.458599874,h195:h230
205,2/20/2025,1,24,north VA,-22,B,colorless,A20,,thick egg contents,0.013192513,0,0.458599874,h195:h230
158,2/20/2025,1,24,north VA,3,E,purple,B16,,,0.914609457,1,0.458599874,h195:h230
170,2/20/2025,1,24,Dead Control,,,colorless,B17,,,0.001299846,0,0.458599874,h195:h230
181,2/20/2025,1,24,south VA,-22,G,purple,B18,,,0.580692704,1,0.458599874,h195:h230
192,2/20/2025,1,24,south VA,3,D,colorless,B19,,,0.000181488,0,0.458599874,h195:h230
206,2/20/2025,1,24,south VA,-22,A,colorless,B20,,,0,0,0.458599874,h195:h230
224,2/20/2025,1,24,south VA,3,C,purple,BB4,,,0.857662735,1,0.458599874,h195:h230
159,2/20/2025,1,24,south VA,-22,G,purple,C16,,,1,1,0.458599874,h195:h230
171,2/20/2025,1,24,south VA,3,E,purple,C17,,,0.996447848,1,0.458599874,h195:h230
182,2/20/2025,1,24,north VA,3,B,purple,C18,,,0.90213007,1,0.458599874,h195:h230
193,2/20/2025,1,24,north VA,-22,G,purple,C19,,,0.911730462,1,0.458599874,h195:h230
207,2/20/2025,1,24,Dead Control,,,light purple,C20,,"dry, moldy",0.009454656,0,0.458599874,h195:h230
225,2/20/2025,1,24,north VA,-22,C,purple,CC4,,,0.984904302,1,0.458599874,h195:h230
194,2/20/2025,1,24,north VA,3,D,purple,D19,,,0.739974494,1,0.458599874,h195:h230
208,2/20/2025,1,24,north VA,3,B,purple,D20,,,0.806956121,1,0.458599874,h195:h230
226,2/20/2025,1,24,south VA,-22,D,colorless,DD4,,"thick egg contents, slightly moldy",0,0,0.458599874,h195:h230
160,2/20/2025,1,24,north VA,-22,E,purple,E16,,,0.974886767,1,0.458599874,h195:h230
172,2/20/2025,1,24,north VA,3,C,purple,E17,,,0.992718447,1,0.458599874,h195:h230
183,2/20/2025,1,24,south VA,-22,B,colorless,E18,,thick egg contents,0,0,0.458599874,h195:h230
195,2/20/2025,1,24,south VA,-22,D,colorless,E19,,thick egg contents,0,0,0.458599874,h195:h230
209,2/20/2025,1,24,Live Control,,,purple,E20,,,0.978029184,1,0.458599874,h195:h230
227,2/20/2025,1,24,north VA,-22,B,colorless,EE4,,,0.023332464,0,0.458599874,h195:h230
161,2/20/2025,1,24,south VA,-22,C,purple,F16,,,0.734763599,1,0.458599874,h195:h230
173,2/20/2025,1,24,Live Control,,,purple,F17,,,0.997118845,1,0.458599874,h195:h230
184,2/20/2025,1,24,south VA,3,E,purple,F18,,,0.998414981,1,0.458599874,h195:h230
196,2/20/2025,1,24,Live Control,,,purple,F19,,,0.969540549,1,0.458599874,h195:h230
210,2/20/2025,1,24,south VA,3,B,purple,F20,,,0.982617834,1,0.458599874,h195:h230
162,2/20/2025,1,24,Live Control,,,purple,G16,,,0.992347427,1,0.458599874,h195:h230
185,2/20/2025,1,24,Live Control,,,purple,G18,,,0.904403675,1,0.458599874,h195:h230
197,2/20/2025,1,24,south VA,-22,B,colorless,G19,,,0.001249053,0,0.458599874,h195:h230
212,2/20/2025,1,24,south VA,3,B,purple,G20,,,0.946368304,1,0.458599874,h195:h230
163,2/20/2025,1,24,south VA,-22,B,colorless,H1,,thick egg contents,0,0,0.458599874,h195:h230
174,2/20/2025,1,24,Dead Control,,,colorless,H17,,"dry, moldy",0.012796073,0,0.458599874,h195:h230
186,2/20/2025,1,24,south VA,3,C,purple,H18,,,0.99239201,1,0.458599874,h195:h230
198,2/20/2025,1,24,south VA,-22,G,colorless,H19,,thick egg contents,0,0,0.458599874,h195:h230
213,2/20/2025,1,24,north VA,3,B,purple,H20,,,0.943714056,1,0.458599874,h195:h230
164,2/20/2025,1,24,south VA,3,D,colorless,I16,,,0.000212442,0,0.458599874,h195:h230
175,2/20/2025,1,24,north VA,3,B,purple,I17,,,0.920479,1,0.458599874,h195:h230
187,2/20/2025,1,24,north VA,3,E,purple,I18,,,0.614024962,1,0.458599874,h195:h230
199,2/20/2025,1,24,north VA,-22,C,purple,I19,,,0.796203667,1,0.458599874,h195:h230
214,2/20/2025,1,24,south VA,3,D,purple,I20,,,0.822094582,1,0.458599874,h195:h230
176,2/20/2025,1,24,south VA,-22,C,purple,J17,,slightly moldy,5.53E-05,0,0.458599874,h195:h230
200,2/20/2025,1,24,north VA,3,C,purple,J19,,,0.984006252,1,0.458599874,h195:h230
215,2/20/2025,1,24,north VA,-22,F,colorless,J20,,thick egg contents,0.578173217,1,0.458599874,h195:h230
165,2/20/2025,1,24,south VA,-22,F,colorless,J26,,,0,0,0.458599874,h195:h230
166,2/20/2025,1,24,north VA,-22,F,purple,K16,,,0.967066958,1,0.458599874,h195:h230
177,2/20/2025,1,24,north VA,-22,A,colorless,K17,,thick egg contents,0.000572566,0,0.458599874,h195:h230
216,2/20/2025,1,24,Dead Control,,,colorless,K20,,"dry, moldy",0.000109706,0,0.458599874,h195:h230
167,2/20/2025,1,24,south VA,3,A,purple,L16,,,0.613205365,1,0.458599874,h195:h230
188,2/20/2025,1,24,north VA,-22,F,purple,L18,,,0.756352773,1,0.458599874,h195:h230
201,2/20/2025,1,24,south VA,3,E,purple,L19,,,0.993462047,1,0.458599874,h195:h230
168,2/20/2025,1,24,north VA,3,D,colorless,N16,,,0,0,0.458599874,h195:h230
178,2/20/2025,1,24,south VA,3,B,purple,N17,,,0.996441835,1,0.458599874,h195:h230
189,2/20/2025,1,24,Dead Control,,,colorless,N18,,"dry, moldy",0.001043197,0,0.458599874,h195:h230
202,2/20/2025,1,24,north VA,-22,E,purple,N19,,,0.999794548,1,0.458599874,h195:h230
228,2/20/2025,1,24,north VA,3,E,purple,N20,,,0.988316147,1,0.458599874,h195:h230
179,2/20/2025,1,24,north VA,3,D,purple,O17,,,0.855061135,1,0.458599874,h195:h230
190,2/20/2025,1,24,north VA,3,C,purple,O18,,,0.946145818,1,0.458599874,h195:h230
203,2/20/2025,1,24,south VA,3,C,purple,O19,,,0.982619594,1,0.458599874,h195:h230
229,2/20/2025,1,24,south VA,-22,E,purple,O20,,slightly moldy,0.978212797,1,0.458599874,h195:h230
169,2/20/2025,1,24,south VA,3,A,purple,P16,,,0.987978661,1,0.458599874,h195:h230
191,2/20/2025,1,24,north VA,3,E,purple,P18,,,0.767186174,1,0.458599874,h195:h230
204,2/20/2025,1,24,south VA,-22,C,purple,P19,,,0.895573729,1,0.458599874,h195:h230
230,2/20/2025,1,24,south VA,-22,C,purple,P20,,,0.942074546,1,0.458599874,h195:h230
211,2/20/2025,1,24,north VA,3,A,purple,P5,,moldy,0.991205961,1,0.458599874,h195:h230
217,2/20/2025,1,24,south VA,-22,G,purple,R5,,,0.99665511,1,0.458599874,h195:h230
218,2/20/2025,1,24,north VA,3,D,purple,T4,,,0.972256527,1,0.458599874,h195:h230
219,2/20/2025,1,24,south VA,-22,B,colorless,U4,,,0.000729572,0,0.458599874,h195:h230
220,2/20/2025,1,24,north VA,-22,G,purple,V4,,,0.858806309,1,0.458599874,h195:h230
221,2/20/2025,1,24,north VA,-22,D,purple,X4,,,0.987695269,1,0.458599874,h195:h230
222,2/20/2025,1,24,south VA,3,E,purple,Y4,,,0.981962609,1,0.458599874,h195:h230
223,2/20/2025,1,24,north VA,3,C,purple,Z4,,,1,1,0.458599874,h195:h230
491,1/21/2026,1,24,CT,-22,C,purple,A10,,,0.986441452,1,0.494514525,h195:h230
461,1/21/2026,1,24,CT,-22,D,purple,A8,,,0.988010385,1,0.494514525,h195:h230
475,1/21/2026,1,24,CT,-22,B,purple,A9,,,0.963892289,1,0.494514525,h195:h230
492,1/21/2026,1,24,CT,-22,E,purple,B10,,,0.992767336,1,0.494514525,h195:h230
462,1/21/2026,1,24,Dead Control,,,colorless,B8,,,0.000710423,0,0.494514525,h195:h230
476,1/21/2026,1,24,Dead Control,,,colorless,B9,,dry,0,0,0.494514525,h195:h230
463,1/21/2026,1,24,Live Control,,,purple,C8,,,0.988318627,1,0.494514525,h195:h230
477,1/21/2026,1,24,CT,-22,C,purple,C9,,,0.958753779,1,0.494514525,h195:h230
464,1/21/2026,1,24,CT,-22,C,colorless,D8,,thick,0.000882883,0,0.494514525,h195:h230
478,1/21/2026,1,24,CT,-22,E,purple,D9,,,0.899280992,1,0.494514525,h195:h230
465,1/21/2026,1,24,CT,-22,B,colorless,E8,,,0.000157837,0,0.494514525,h195:h230
479,1/21/2026,1,24,CT,-22,C,purple,E9,,,0.999619214,1,0.494514525,h195:h230
466,1/21/2026,1,24,CT,-22,A,purple,F8,,,0.909888127,1,0.494514525,h195:h230
480,1/21/2026,1,24,CT,-22,D,purple,F9,,,0.999838052,1,0.494514525,h195:h230
467,1/21/2026,1,24,CT,-22,G,purple,G8,,,1,1,0.494514525,h195:h230
481,1/21/2026,1,24,CT,-22,G,purple,G9,,,0.992752497,1,0.494514525,h195:h230
468,1/21/2026,1,24,CT,-22,E,colorless,H8,,thick,0,0,0.494514525,h195:h230
469,1/21/2026,1,24,CT,-22,F,purple,I8,,,0.862775871,1,0.494514525,h195:h230
483,1/21/2026,1,24,CT,-22,F,purple,I9,,,0.963411587,1,0.494514525,h195:h230
470,1/21/2026,1,24,CT,-22,F,purple,J8,,,0.982681173,1,0.494514525,h195:h230
484,1/21/2026,1,24,CT,-22,A,purple,J9,,,0.979948398,1,0.494514525,h195:h230
471,1/21/2026,1,24,CT,-22,G,purple,K8,,,0.994774767,1,0.494514525,h195:h230
485,1/21/2026,1,24,CT,-22,E,purple,K9,,,0.956429957,1,0.494514525,h195:h230
472,1/21/2026,1,24,CT,-22,D,purple,L8,,,0.939142204,1,0.494514525,h195:h230
486,1/21/2026,1,24,CT,-22,F,purple,L9,,,0.845746047,1,0.494514525,h195:h230
473,1/21/2026,1,24,Live Control,,,colorless,N8,,,0,0,0.494514525,h195:h230
487,1/21/2026,1,24,CT,-22,D,colorless,N9,,thick,0,0,0.494514525,h195:h230
474,1/21/2026,1,24,CT,-22,A,colorless,O8,,,0,0,0.494514525,h195:h230
488,1/21/2026,1,24,CT,-22,G,purple,O9,,,0.99633453,1,0.494514525,h195:h230
489,1/21/2026,1,24,CT,-22,A,colorless,P9,,,0,0,0.494514525,h195:h230
490,1/21/2026,1,24,CT,-22,B,colorless,Q9,,thick,0,0,0.494514525,h195:h230
805,3/2/2026,1,24,CT,-22,A,purple,A16,,,0.828520828,1,0.406593936,h195:h230
821,3/2/2026,1,24,CT,-22,C,colorless,A17,,,0,0,0.406593936,h195:h230
838,3/2/2026,1,24,CT,-22,E,colorless,A18,,thick,9.93E-05,0,0.406593936,h195:h230
818,3/2/2026,1,24,CT,-22,A,purple,AA16,,,0.967540525,1,0.406593936,h195:h230
834,3/2/2026,1,24,CT,-22,G,purple,AA17,,,0.956177459,1,0.406593936,h195:h230
806,3/2/2026,1,24,CT,-22,B,colorless,B16,,,0,0,0.406593936,h195:h230
839,3/2/2026,1,24,CT,-22,C,colorless,B18,,,0,0,0.406593936,h195:h230
819,3/2/2026,1,24,CT,-22,D,purple,BB16,,,0.842559907,1,0.406593936,h195:h230
835,3/2/2026,1,24,CT,-22,D,purple,BB17,,,0.954436574,1,0.406593936,h195:h230
807,3/2/2026,1,24,Live Control,,,purple,C16,,,0.812999015,1,0.406593936,h195:h230
823,3/2/2026,1,24,Dead Control,,,colorless,C17,,,0.000124817,0,0.406593936,h195:h230
820,3/2/2026,1,24,CT,-22,F,purple,CC16,,,0.85227033,1,0.406593936,h195:h230
836,3/2/2026,1,24,CT,-22,B,light purple,CC17,,,0.457650499,1,0.406593936,h195:h230
808,3/2/2026,1,24,CT,-22,C,purple,D16,,,0.81908423,1,0.406593936,h195:h230
841,3/2/2026,1,24,CT,-22,F,colorless,D18,,,0,0,0.406593936,h195:h230
837,3/2/2026,1,24,Live Control,,,purple,DD17,,,0.847065493,1,0.406593936,h195:h230
809,3/2/2026,1,24,Dead Control,,,colorless,R16,,dry,0,0,0.406593936,h195:h230
825,3/2/2026,1,24,CT,-22,D,purple,R17,,,0.871888154,1,0.406593936,h195:h230
810,3/2/2026,1,24,CT,-22,D,purple,S16,,,0.964807831,1,0.406593936,h195:h230
826,3/2/2026,1,24,CT,-22,E,purple,S17,,,0.420544387,1,0.406593936,h195:h230
811,3/2/2026,1,24,CT,-22,E,colorless,T16,,,0,0,0.406593936,h195:h230
827,3/2/2026,1,24,Live Control,,,purple,T17,,,0.994925643,1,0.406593936,h195:h230
812,3/2/2026,1,24,Live Control,,,purple,U16,,slightly moldy,0.919057276,1,0.406593936,h195:h230
828,3/2/2026,1,24,CT,-22,F,purple,U17,,,0.933194164,1,0.406593936,h195:h230
813,3/2/2026,1,24,CT,-22,F,purple,V16,,,0.796602119,1,0.406593936,h195:h230
829,3/2/2026,1,24,Dead Control,,,colorless,V17,,"dry, moldy",0.406593936,0,0.406593936,h195:h230
814,3/2/2026,1,24,CT,-22,G,purple,W16,,,0.713750204,1,0.406593936,h195:h230
830,3/2/2026,1,24,CT,-22,C,purple,W17,,,0.981026323,1,0.406593936,h195:h230
815,3/2/2026,1,24,Dead Control,,,colorless,X16,,dry,9.41E-05,0,0.406593936,h195:h230
831,3/2/2026,1,24,CT,-22,A,purple,X17,,,0.951873461,1,0.406593936,h195:h230
816,3/2/2026,1,24,Live Control,,,purple,Y16,,,0.905885374,1,0.406593936,h195:h230
832,3/2/2026,1,24,CT,-22,B,purple,Y17,,thick,0.985100746,1,0.406593936,h195:h230
833,3/2/2026,1,24,CT,-22,G,purple,Z17,,,0.977492382,1,0.406593936,h195:h230
250,2/20/2025,2,48,south VA,-22,C,purple,AA2,,,1,1,0.394658114,h195:h230
264,2/20/2025,2,48,north VA,3,A,purple,AA3,,,0.941289844,1,0.394658114,h195:h230
277,2/20/2025,2,48,north VA,-22,G,colorless,AA6,,thick egg contents,2.23E-05,0,0.394658114,h195:h230
289,2/20/2025,2,48,north VA,-22,D,purple,AA7,,,0.947679914,1,0.394658114,h195:h230
302,2/20/2025,2,48,north VA,-22,C,purple,AA8,,,0.9997744,1,0.394658114,h195:h230
237,2/20/2025,2,48,Live Control,,,purple,BB1,,,0.993941842,1,0.394658114,h195:h230
251,2/20/2025,2,48,north VA,3,E,colorless,BB2,,thick egg contents,0.004420432,0,0.394658114,h195:h230
265,2/20/2025,2,48,north VA,3,C,purple,BB3,,,0.788216351,1,0.394658114,h195:h230
278,2/20/2025,2,48,north VA,-22,C,purple,BB6,,,0.864209987,1,0.394658114,h195:h230
290,2/20/2025,2,48,north VA,3,A,purple,BB7,,,0.962464477,1,0.394658114,h195:h230
238,2/20/2025,2,48,Dead Control,,,colorless,CC1,,"dry, moldy",0.003877389,0,0.394658114,h195:h230
266,2/20/2025,2,48,south VA,-22,E,purple,CC3,,,0.595713596,1,0.394658114,h195:h230
291,2/20/2025,2,48,north VA,3,E,purple,CC7,,,0.680614362,1,0.394658114,h195:h230
303,2/20/2025,2,48,south VA,-22,E,colorless,CC8,,thick egg contents,0,0,0.394658114,h195:h230
239,2/20/2025,2,48,south VA,3,C,purple,DD1,,,0.998763642,1,0.394658114,h195:h230
253,2/20/2025,2,48,north VA,3,E,purple,DD2,,,0.779794482,1,0.394658114,h195:h230
267,2/20/2025,2,48,south VA,3,E,purple,DD3,,,0.976297439,1,0.394658114,h195:h230
280,2/20/2025,2,48,north VA,3,B,purple,DD6,,,0.981511003,1,0.394658114,h195:h230
292,2/20/2025,2,48,north VA,3,C,purple,DD7,,,0.813155575,1,0.394658114,h195:h230
240,2/20/2025,2,48,north VA,3,E,purple,EE1,,,0.92931889,1,0.394658114,h195:h230
254,2/20/2025,2,48,north VA,3,B,purple,EE2,,,0.897668158,1,0.394658114,h195:h230
293,2/20/2025,2,48,south VA,-22,B,colorless,EE7,,thick egg contents,0.00020873,0,0.394658114,h195:h230
231,2/20/2025,2,48,north VA,-22,D,purple,Q1,,,0.836308453,1,0.394658114,h195:h230
241,2/20/2025,2,48,north VA,3,A,purple,Q2,,slightly moldy,0.90954162,1,0.394658114,h195:h230
255,2/20/2025,2,48,south VA,-22,D,colorless,Q3,,thick egg contents,0,0,0.394658114,h195:h230
268,2/20/2025,2,48,north VA,-22,A,purple,Q6,,,0.972257503,1,0.394658114,h195:h230
281,2/20/2025,2,48,south VA,-22,G,colorless,Q7,,thick egg contents,0,0,0.394658114,h195:h230
294,2/20/2025,2,48,south VA,3,C,purple,Q8,,,0.99869457,1,0.394658114,h195:h230
304,2/20/2025,2,48,south VA,-22,G,colorless,Q9,,thick egg contents,0.000237123,0,0.394658114,h195:h230
232,2/20/2025,2,48,south VA,3,E,purple,R1,,,0.805868105,1,0.394658114,h195:h230
242,2/20/2025,2,48,south VA,3,D,purple,R2,,,0.736769505,1,0.394658114,h195:h230
256,2/20/2025,2,48,south VA,3,A,purple,R3,,,0.981431447,1,0.394658114,h195:h230
269,2/20/2025,2,48,Dead Control,,,colorless,R6,,,0,0,0.394658114,h195:h230
295,2/20/2025,2,48,Live Control,,,purple,R8,,,0.930200999,1,0.394658114,h195:h230
233,2/20/2025,2,48,north VA,3,C,purple,S1,,,0.90117631,1,0.394658114,h195:h230
243,2/20/2025,2,48,north VA,3,C,purple,S2,,,0.726336468,1,0.394658114,h195:h230
257,2/20/2025,2,48,north VA,-22,G,colorless,S3,,thick egg contents,0.000101277,0,0.394658114,h195:h230
270,2/20/2025,2,48,south VA,-22,E,colorless,S6,,thick egg contents,5.48E-05,0,0.394658114,h195:h230
282,2/20/2025,2,48,south VA,3,D,purple,S7,,,0.553342631,1,0.394658114,h195:h230
296,2/20/2025,2,48,north VA,3,A,purple,S8,,slightly moldy,0.966558495,1,0.394658114,h195:h230
305,2/20/2025,2,48,south VA,3,D,colorless,S9,,thick egg contents,0,0,0.394658114,h195:h230
234,2/20/2025,2,48,Dead Control,,,colorless,T1,,,0.001453782,0,0.394658114,h195:h230
244,2/20/2025,2,48,south VA,-22,G,colorless,T2,,thick egg contents,0.000698483,0,0.394658114,h195:h230
258,2/20/2025,2,48,north VA,-22,B,colorless,T3,,thick egg contents,0,0,0.394658114,h195:h230
271,2/20/2025,2,48,south VA,3,E,purple,T6,,,0.976300181,1,0.394658114,h195:h230
283,2/20/2025,2,48,north VA,3,C,purple,T7,,,0.991571758,1,0.394658114,h195:h230
297,2/20/2025,2,48,north VA,3,D,purple,T8,,,0.790904021,1,0.394658114,h195:h230
306,2/20/2025,2,48,south VA,-22,E,purple,T9,,,0.664304531,1,0.394658114,h195:h230
245,2/20/2025,2,48,Live Control,,,purple,U2,,,0.934699116,1,0.394658114,h195:h230
259,2/20/2025,2,48,north VA,-22,F,colorless,U3,,thick egg contents,0.001046833,0,0.394658114,h195:h230
272,2/20/2025,2,48,north VA,3,D,purple,U6,,,0.713483082,1,0.394658114,h195:h230
284,2/20/2025,2,48,north VA,-22,F,purple,U7,,,1,1,0.394658114,h195:h230
298,2/20/2025,2,48,north VA,-22,D,purple,U8,,,0.706994724,1,0.394658114,h195:h230
307,2/20/2025,2,48,north VA,3,B,purple,U9,,,0.896607723,1,0.394658114,h195:h230
235,2/20/2025,2,48,north VA,-22,B,colorless,V1,,,0.002766174,0,0.394658114,h195:h230
246,2/20/2025,2,48,south VA,-22,B,purple,V2,,,0.982084117,1,0.394658114,h195:h230
260,2/20/2025,2,48,south VA,3,D,purple,V3,,,0.503139754,1,0.394658114,h195:h230
273,2/20/2025,2,48,south VA,-22,F,colorless,V6,,thick egg contents,0,0,0.394658114,h195:h230
285,2/20/2025,2,48,south VA,3,C,purple,V7,,,0.992040841,1,0.394658114,h195:h230
299,2/20/2025,2,48,south VA,-22,D,colorless,V8,,thick egg contents,0.000917722,0,0.394658114,h195:h230
308,2/20/2025,2,48,Live Control,,,purple,V9,,,1,1,0.394658114,h195:h230
247,2/20/2025,2,48,south VA,3,C,purple,W2,,,0.708138832,1,0.394658114,h195:h230
274,2/20/2025,2,48,north VA,3,E,purple,W6,,,0.545156658,1,0.394658114,h195:h230
300,2/20/2025,2,48,south VA,3,E,purple,W8,,,0.893264249,1,0.394658114,h195:h230
309,2/20/2025,2,48,Dead Control,,,colorless,W9,,"dry, moldy",0.030815249,0,0.394658114,h195:h230
248,2/20/2025,2,48,north VA,-22,D,purple,X2,,,0.866949964,1,0.394658114,h195:h230
261,2/20/2025,2,48,Live Control,,,purple,X3,,,0.753998184,1,0.394658114,h195:h230
286,2/20/2025,2,48,south VA,-22,A,purple,X7,,moldy,0.454673972,1,0.394658114,h195:h230
236,2/20/2025,2,48,south VA,-22,D,colorless,Y1,,,0.001996084,0,0.394658114,h195:h230
262,2/20/2025,2,48,south VA,-22,B,colorless,Y3,,,0,0,0.394658114,h195:h230
275,2/20/2025,2,48,south VA,3,B,purple,Y6,,,0.874611481,1,0.394658114,h195:h230
287,2/20/2025,2,48,south VA,-22,D,colorless,Y7,,,0.0009198,0,0.394658114,h195:h230
249,2/20/2025,2,48,north VA,3,D,purple,Z2,,,0.966869574,1,0.394658114,h195:h230
263,2/20/2025,2,48,north VA,-22,C,purple,Z3,,,0.999895603,1,0.394658114,h195:h230
276,2/20/2025,2,48,south VA,3,A,purple,Z6,,,0.970753499,1,0.394658114,h195:h230
288,2/20/2025,2,48,Dead Control,,,light purple,Z7,,"dry, moldy",0.035318044,0,0.394658114,h195:h230
301,2/20/2025,2,48,north VA,-22,G,colorless,Z8,,thick egg contents,0.000865107,0,0.394658114,h195:h230
508,1/21/2026,2,48,CT,-22,C,colorless,A17,,,2.54E-05,0,0.431288949,h195:h230
492,1/21/2026,2,48,Dead Control,,,colorless,B16,,dry,0,0,0.431288949,h195:h230
509,1/21/2026,2,48,CT,-22,G,purple,B17,,,0.852203168,1,0.431288949,h195:h230
507,1/21/2026,2,48,Live Control,,,purple,BB2,,,0.862577897,1,0.431288949,h195:h230
524,1/21/2026,2,48,CT,-22,B,colorless,BB6,,thick,0,0,0.431288949,h195:h230
510,1/21/2026,2,48,Live Control,,,purple,C17,,,0.966283728,1,0.431288949,h195:h230
494,1/21/2026,2,48,CT,-22,G,colorless,D16,,thick,0.000487826,0,0.431288949,h195:h230
511,1/21/2026,2,48,CT,-22,G,colorless,D17,,thick,0,0,0.431288949,h195:h230
526,1/21/2026,2,48,CT,-22,A,purple,DD1,,,0.935384747,1,0.431288949,h195:h230
495,1/21/2026,2,48,CT,-22,A,purple,E16,,,0.914335404,1,0.431288949,h195:h230
512,1/21/2026,2,48,CT,-22,C,colorless,E17,,thick,0.005462486,0,0.431288949,h195:h230
527,1/21/2026,2,48,Dead Control,,,colorless,EE6,,dry,0,0,0.431288949,h195:h230
496,1/21/2026,2,48,Live Control,,,purple,F16,,,0.879345463,1,0.431288949,h195:h230
513,1/21/2026,2,48,CT,-22,B,colorless,F17,,,0,0,0.431288949,h195:h230
497,1/21/2026,2,48,CT,-22,B,colorless,G16,,thick,7.71E-05,0,0.431288949,h195:h230
514,1/21/2026,2,48,CT,-22,E,purple,G17,,,0.815185978,1,0.431288949,h195:h230
515,1/21/2026,2,48,CT,-22,F,faint purple,H17,,,0.000106334,0,0.431288949,h195:h230
499,1/21/2026,2,48,CT,-22,D,colorless,I16,,,0.002240681,0,0.431288949,h195:h230
516,1/21/2026,2,48,CT,-22,A,purple,I17,,,0.635863865,1,0.431288949,h195:h230
517,1/21/2026,2,48,CT,-22,D,colorless,J17,,,0,0,0.431288949,h195:h230
501,1/21/2026,2,48,Dead Control,,,colorless,K16,,,0,0,0.431288949,h195:h230
518,1/21/2026,2,48,Dead Control,,,colorless,K17,,,0,0,0.431288949,h195:h230
502,1/21/2026,2,48,Live Control,,,purple,L16,,,0.996257079,1,0.431288949,h195:h230
519,1/21/2026,2,48,CT,-22,D,colorless,L17,,,0,0,0.431288949,h195:h230
503,1/21/2026,2,48,CT,-22,B,colorless,N16,,,0,0,0.431288949,h195:h230
504,1/21/2026,2,48,CT,-22,A,purple,O16,,,0.881375594,1,0.431288949,h195:h230
521,1/21/2026,2,48,Live Control,,,purple,O17,,,0.98199462,1,0.431288949,h195:h230
505,1/21/2026,2,48,CT,-22,F,light purple,P16,,,0.000353752,0,0.431288949,h195:h230
522,1/21/2026,2,48,Dead Control,,,colorless,P17,,"dry, moldy",0,0,0.431288949,h195:h230
506,1/21/2026,2,48,CT,-22,E,colorless,Q16,,thick,9.80E-06,0,0.431288949,h195:h230
523,1/21/2026,2,48,CT,-22,G,purple,Q17,,,0.90541958,1,0.431288949,h195:h230
842,3/2/2026,2,48,CT,3,E,purple,E1,,,0.978142152,1,0.405544,h195:h230
874,3/2/2026,2,48,CT,-18,C,colorless,E3,,thick,7.07E-06,0,0.405544,h195:h230
890,3/2/2026,2,48,CT,-22,B,purple,E4,,,0.97678046,1,0.405544,h195:h230
908,3/2/2026,2,48,CT,-22,G,purple,E6,,,0.007227076,0,0.405544,h195:h230
843,3/2/2026,2,48,CT,-22,D,light purple,F1,,,0.665727893,1,0.405544,h195:h230
858,3/2/2026,2,48,CT,-22,E,colorless,F2,,thick,0,0,0.405544,h195:h230
875,3/2/2026,2,48,CT,-18,F,colorless,F3,,thick,0.000643758,0,0.405544,h195:h230
891,3/2/2026,2,48,CT,-18,B,purple,F4,,,0.502831516,1,0.405544,h195:h230
909,3/2/2026,2,48,CT,-18,D,purple,F6,,,0.482171979,1,0.405544,h195:h230
844,3/2/2026,2,48,CT,-22,C,purple,G1,,,0.986673034,1,0.405544,h195:h230
859,3/2/2026,2,48,CT,3,B,purple,G2,,,0.946752938,1,0.405544,h195:h230
876,3/2/2026,2,48,CT,-22,F,purple,G3,,,0.543131967,1,0.405544,h195:h230
892,3/2/2026,2,48,CT,-18,G,light purple,G4,,,0.003851867,0,0.405544,h195:h230
910,3/2/2026,2,48,CT,-22,B,purple,G6,,,0.961427867,1,0.405544,h195:h230
845,3/2/2026,2,48,CT,3,A,purple,H1,,,0.961326663,1,0.405544,h195:h230
860,3/2/2026,2,48,CT,-22,G,purple,H2,,,0.441101227,1,0.405544,h195:h230
877,3/2/2026,2,48,CT,-18,A,colorless,H3,,thick,0,0,0.405544,h195:h230
846,3/2/2026,2,48,CT,-18,B,purple,I1,,,0.990319113,1,0.405544,h195:h230
861,3/2/2026,2,48,Live Control,,,purple,I2,,,0.999297549,1,0.405544,h195:h230
878,3/2/2026,2,48,CT,-22,E,colorless,I3,,,0,0,0.405544,h195:h230
894,3/2/2026,2,48,CT,-18,C,purple,I4,,,0.977222855,1,0.405544,h195:h230
912,3/2/2026,2,48,CT,-22,C,purple,I6,,,0.985161106,1,0.405544,h195:h230
847,3/2/2026,2,48,CT,3,D,purple,J1,,,0.921952789,1,0.405544,h195:h230
862,3/2/2026,2,48,CT,-22,B,purple,J2,,,0.85124679,1,0.405544,h195:h230
879,3/2/2026,2,48,CT,3,A,purple,J3,,,0.987122651,1,0.405544,h195:h230
895,3/2/2026,2,48,CT,3,A,purple,J4,,,0.998135045,1,0.405544,h195:h230
913,3/2/2026,2,48,CT,3,A,purple,J6,,,0.887349087,1,0.405544,h195:h230
848,3/2/2026,2,48,CT,3,C,purple,K1,,,0.956205126,1,0.405544,h195:h230
880,3/2/2026,2,48,Dead Control,,,colorless,K3,,dry,0.001470923,0,0.405544,h195:h230
914,3/2/2026,2,48,CT,3,D,purple,K6,,,0.560553646,1,0.405544,h195:h230
849,3/2/2026,2,48,CT,-22,A,purple,L1,,,0.985545424,1,0.405544,h195:h230
863,3/2/2026,2,48,Live Control,,,purple,L2,,,0.921155576,1,0.405544,h195:h230
881,3/2/2026,2,48,CT,3,D,purple,L3,,,0.93266247,1,0.405544,h195:h230
897,3/2/2026,2,48,CT,3,E,purple,L4,,,0.811798407,1,0.405544,h195:h230
915,3/2/2026,2,48,CT,-22,E,colorless,L6,,thick,0.000108392,0,0.405544,h195:h230
850,3/2/2026,2,48,CT,-22,F,purple,N1,,,0.570981235,1,0.405544,h195:h230
882,3/2/2026,2,48,CT,-22,B,purple,N3,,,0.955187338,1,0.405544,h195:h230
898,3/2/2026,2,48,CT,-18,D,colorless,N4,,thick,0,0,0.405544,h195:h230
916,3/2/2026,2,48,Live Control,,,purple,N6,,,0.809617077,1,0.405544,h195:h230
851,3/2/2026,2,48,Dead Control,,,colorless,O1,,"dry, moldy",0.000140035,0,0.405544,h195:h230
865,3/2/2026,2,48,CT,-22,G,purple,O2,,,0.413814,1,0.405544,h195:h230
883,3/2/2026,2,48,CT,-18,E,purple,O3,,,0.951702747,1,0.405544,h195:h230
899,3/2/2026,2,48,CT,-22,D,light purple,O4,,,0.000594839,0,0.405544,h195:h230
917,3/2/2026,2,48,CT,-18,A,colorless,O6,,thick,0,0,0.405544,h195:h230
852,3/2/2026,2,48,CT,-18,G,purple,P1,,,0.986597088,1,0.405544,h195:h230
884,3/2/2026,2,48,Dead Control,,,colorless,P3,,dry,0.000172124,0,0.405544,h195:h230
900,3/2/2026,2,48,Live Control,,,purple,P4,,,0.972457426,1,0.405544,h195:h230
918,3/2/2026,2,48,CT,3,B,purple,P6,,,0.953163322,1,0.405544,h195:h230
853,3/2/2026,2,48,CT,-18,C,purple,Q1,,,0.967890893,1,0.405544,h195:h230
867,3/2/2026,2,48,CT,3,E,purple,Q2,,,0.949267053,1,0.405544,h195:h230
885,3/2/2026,2,48,Dead Control,,,colorless,Q3,,dry,0.000154709,0,0.405544,h195:h230
901,3/2/2026,2,48,CT,3,D,purple,Q4,,,0.970944245,1,0.405544,h195:h230
854,3/2/2026,2,48,CT,-18,D,colorless,R1,,thick,0,0,0.405544,h195:h230
868,3/2/2026,2,48,CT,-22,A,purple,R2,,,0.848656956,1,0.405544,h195:h230
886,3/2/2026,2,48,CT,-22,G,light purple,R3,,,0,0,0.405544,h195:h230
902,3/2/2026,2,48,CT,-22,A,purple,R4,,,0.510439803,1,0.405544,h195:h230
920,3/2/2026,2,48,CT,-22,F,purple,R6,,,0.547995847,1,0.405544,h195:h230
855,3/2/2026,2,48,CT,-18,A,colorless,S1,,thick,0.000719609,0,0.405544,h195:h230
869,3/2/2026,2,48,CT,-18,G,light purple,S2,,,0.548314054,1,0.405544,h195:h230
887,3/2/2026,2,48,CT,-22,C,purple,S3,,,0.78147655,1,0.405544,h195:h230
903,3/2/2026,2,48,CT,3,B,purple,S4,,,0.92857972,1,0.405544,h195:h230
921,3/2/2026,2,48,CT,-22,A,purple,S6,,,0.775064224,1,0.405544,h195:h230
856,3/2/2026,2,48,CT,-18,E,purple,T1,,,0.94407982,1,0.405544,h195:h230
870,3/2/2026,2,48,CT,-22,D,light purple,T2,,,0.057496936,0,0.405544,h195:h230
904,3/2/2026,2,48,CT,3,C,purple,T4,,,0.875675029,1,0.405544,h195:h230
922,3/2/2026,2,48,CT,-18,C,purple,T6,,,0.832468441,1,0.405544,h195:h230
871,3/2/2026,2,48,CT,-22,C,purple,U2,,,0.685194037,1,0.405544,h195:h230
889,3/2/2026,2,48,CT,-18,A,colorless,U3,,thick,0,0,0.405544,h195:h230
923,3/2/2026,2,48,Dead Control,,,colorless,U6,,dry,0.00026707,0,0.405544,h195:h230
872,3/2/2026,2,48,CT,3,C,purple,V2,,,0.798824327,1,0.405544,h195:h230
906,3/2/2026,2,48,CT,-18,B,purple,V4,,,0.951800268,1,0.405544,h195:h230
907,3/2/2026,2,48,CT,-22,D,purple,W4,,,0.522224164,1,0.405544,h195:h230
925,3/2/2026,2,48,CT,-18,G,purple,W6,,,0.978770048,1,0.405544,h195:h230
332,2/20/2025,3,72,south VA,3,B,purple,AA12,,,0.999213427,1,0.176415561,h195:h230
343,2/20/2025,3,72,Dead Control,,,colorless,AA13,,"dry, moldy",0.001544951,0,0.176415561,h195:h230
356,2/20/2025,3,72,Live Control,,,purple,AA14,,,0.342859488,1,0.176415561,h195:h230
318,2/20/2025,3,72,south VA,-22,F,colorless,BB10,,thick egg contents,0,0,0.176415561,h195:h230
370,2/20/2025,3,72,south VA,3,E,purple,BB11,,empty corion,0.932697472,1,0.176415561,h195:h230
333,2/20/2025,3,72,south VA,-22,D,colorless,BB12,,thick egg contents,0,0,0.176415561,h195:h230
344,2/20/2025,3,72,north VA,3,C,purple,BB13,,,0.628068503,1,0.176415561,h195:h230
357,2/20/2025,3,72,north VA,-22,F,colorless,BB14,,thick egg contents,0,0,0.176415561,h195:h230
369,2/20/2025,3,72,Dead Control,,,colorless,BB15,,"dry, moldy",0.009971633,0,0.176415561,h195:h230
371,2/20/2025,3,72,north VA,3,E,purple,CC11,,,0.999109914,1,0.176415561,h195:h230
345,2/20/2025,3,72,south VA,3,E,purple,CC13,,,0.999117632,1,0.176415561,h195:h230
358,2/20/2025,3,72,north VA,3,D,colorless,CC14,,,0,0,0.176415561,h195:h230
319,2/20/2025,3,72,north VA,3,B,purple,DD10,,,0.998678299,1,0.176415561,h195:h230
372,2/20/2025,3,72,south VA,3,A,purple,DD11,,,0.805552895,1,0.176415561,h195:h230
334,2/20/2025,3,72,north VA,-22,D,colorless,DD12,,thick egg contents,5.16E-05,0,0.176415561,h195:h230
346,2/20/2025,3,72,south VA,3,D,colorless,DD13,,thick egg contents,0,0,0.176415561,h195:h230
359,2/20/2025,3,72,north VA,-22,A,purple,DD14,,slightly moldy,0.928362422,1,0.176415561,h195:h230
320,2/20/2025,3,72,south VA,3,C,purple,EE10,,,0.954713812,1,0.176415561,h195:h230
373,2/20/2025,3,72,south VA,3,E,purple,EE11,,,0.986937605,1,0.176415561,h195:h230
321,2/20/2025,3,72,Dead Control,,,colorless,Q11,,,2.61E-05,0,0.176415561,h195:h230
310,2/20/2025,3,72,Live Control,,,purple,Q12,,,0.991878846,1,0.176415561,h195:h230
335,2/20/2025,3,72,Dead Control,,,colorless,Q13,,"dry, moldy",8.39E-05,0,0.176415561,h195:h230
347,2/20/2025,3,72,south VA,3,B,purple,Q14,,,0.89936898,1,0.176415561,h195:h230
360,2/20/2025,3,72,south VA,-22,D,colorless,Q15,,thick egg contents,0,0,0.176415561,h195:h230
322,2/20/2025,3,72,south VA,-22,A,colorless,R11,,thick egg contents,0,0,0.176415561,h195:h230
324,2/20/2025,3,72,north VA,3,D,purple,R12,,,0.760604136,1,0.176415561,h195:h230
336,2/20/2025,3,72,north VA,-22,F,colorless,R13,,thick egg contents,0.0006582,0,0.176415561,h195:h230
348,2/20/2025,3,72,south VA,-22,B,colorless,R14,,thick egg contents,4.24E-05,0,0.176415561,h195:h230
323,2/20/2025,3,72,north VA,-22,F,colorless,S11,,thick egg contents,3.36E-05,0,0.176415561,h195:h230
325,2/20/2025,3,72,south VA,3,E,purple,S12,,,0.989820176,1,0.176415561,h195:h230
337,2/20/2025,3,72,north VA,-22,B,colorless,S13,,,0,0,0.176415561,h195:h230
349,2/20/2025,3,72,north VA,-22,E,colorless,S14,,thick egg contents,0,0,0.176415561,h195:h230
361,2/20/2025,3,72,north VA,-22,B,colorless,S15,,thick egg contents,0.000152701,0,0.176415561,h195:h230
311,2/20/2025,3,72,south VA,-22,G,purple,T10,,,0.404119463,1,0.176415561,h195:h230
326,2/20/2025,3,72,south VA,-22,C,colorless,T12,,"dry, moldy",0.000403236,0,0.176415561,h195:h230
350,2/20/2025,3,72,south VA,3,C,purple,T14,,,0.953875229,1,0.176415561,h195:h230
362,2/20/2025,3,72,south VA,3,B,purple,T15,,,0.91706669,1,0.176415561,h195:h230
312,2/20/2025,3,72,Dead Control,,,colorless,U10,,,0,0,0.176415561,h195:h230
327,2/20/2025,3,72,north VA,3,E,purple,U12,,,0.988500601,1,0.176415561,h195:h230
338,2/20/2025,3,72,north VA,-22,C,colorless,U13,,thick egg contents,0.000318601,0,0.176415561,h195:h230
351,2/20/2025,3,72,north VA,3,B,purple,U14,,,0.976121753,1,0.176415561,h195:h230
363,2/20/2025,3,72,north VA,-22,D,colorless,U15,,,0,0,0.176415561,h195:h230
313,2/20/2025,3,72,north VA,3,B,purple,V10,,,0.872781975,1,0.176415561,h195:h230
339,2/20/2025,3,72,north VA,3,E,purple,V13,,,0.84177638,1,0.176415561,h195:h230
364,2/20/2025,3,72,south VA,3,C,purple,V15,,,0.988473896,1,0.176415561,h195:h230
314,2/20/2025,3,72,south VA,3,C,purple,W10,,,0.994479748,1,0.176415561,h195:h230
328,2/20/2025,3,72,Live Control,,,purple,W12,,,0.951750198,1,0.176415561,h195:h230
352,2/20/2025,3,72,south VA,-22,A,colorless,W14,,thick egg contents,0,0,0.176415561,h195:h230
365,2/20/2025,3,72,north VA,-22,E,colorless,W15,,thick egg contents,0,0,0.176415561,h195:h230
315,2/20/2025,3,72,Live Control,,,purple,X10,,,0.928241955,1,0.176415561,h195:h230
329,2/20/2025,3,72,south VA,-22,G,colorless,X12,,thick egg contents,0,0,0.176415561,h195:h230
340,2/20/2025,3,72,Live Control,,,purple,X13,,,0.967888209,1,0.176415561,h195:h230
353,2/20/2025,3,72,north VA,-22,C,colorless,X14,,,0.050777121,0,0.176415561,h195:h230
366,2/20/2025,3,72,south VA,3,D,colorless,X15,,thick egg contents,0.000190652,0,0.176415561,h195:h230
316,2/20/2025,3,72,south VA,-22,A,colorless,Y10,,thick egg contents,0,0,0.176415561,h195:h230
330,2/20/2025,3,72,south VA,3,A,purple,Y12,,slightly moldy,0.832435001,1,0.176415561,h195:h230
341,2/20/2025,3,72,north VA,3,D,purple,Y13,,,0.739077469,1,0.176415561,h195:h230
354,2/20/2025,3,72,south VA,-22,E,colorless,Y14,,thick egg contents,0,0,0.176415561,h195:h230
367,2/20/2025,3,72,north VA,3,B,purple,Y15,,,0.985341035,1,0.176415561,h195:h230
317,2/20/2025,3,72,south VA,-22,D,colorless,Z10,,,0.001292034,0,0.176415561,h195:h230
331,2/20/2025,3,72,south VA,-22,B,colorless,Z12,,thick egg contents,0,0,0.176415561,h195:h230
342,2/20/2025,3,72,south VA,-22,D,colorless,Z13,,thick egg contents,0,0,0.176415561,h195:h230
355,2/20/2025,3,72,south VA,3,A,purple,Z14,,,0.96305225,1,0.176415561,h195:h230
368,2/20/2025,3,72,south VA,-22,G,colorless,Z15,,,0.00718236,0,0.176415561,h195:h230
528,1/21/2026,3,72,Live Control,,,purple,A18,,,0.976144103,1,0.349143224,h195:h230
546,1/21/2026,3,72,CT,-22,F,light purple,A20,,,0.000229505,0,0.349143224,h195:h230
529,1/21/2026,3,72,CT,-22,A,purple,B18,,,0.996675988,1,0.349143224,h195:h230
547,1/21/2026,3,72,CT,-22,A,purple,B19,,,0.998298531,1,0.349143224,h195:h230
564,1/21/2026,3,72,Dead Control,,,colorless,B20,,thick,0,0,0.349143224,h195:h230
563,1/21/2026,3,72,CT,-22,C,colorless,BB7,,,0,0,0.349143224,h195:h230
530,1/21/2026,3,72,Dead Control,,,colorless,C18,,dry,3.91E-05,0,0.349143224,h195:h230
548,1/21/2026,3,72,CT,-22,C,colorless,C19,,,0,0,0.349143224,h195:h230
565,1/21/2026,3,72,Live Control,,,purple,C20,,,0.939315387,1,0.349143224,h195:h230
531,1/21/2026,3,72,CT,-22,B,colorless,D18,,,0,0,0.349143224,h195:h230
549,1/21/2026,3,72,CT,-22,B,colorless,D19,,,0.000327945,0,0.349143224,h195:h230
532,1/21/2026,3,72,CT,-22,D,colorless,E18,,thick,0,0,0.349143224,h195:h230
550,1/21/2026,3,72,CT,-22,G,purple,E19,,,0.787328083,1,0.349143224,h195:h230
544,1/21/2026,3,72,CT,-22,G,faint purple,EE9,,,8.36E-05,0,0.349143224,h195:h230
533,1/21/2026,3,72,CT,-22,G,light purple,F18,,,0.083670535,0,0.349143224,h195:h230
551,1/21/2026,3,72,Live Control,,,purple,F19,,,0.69803945,1,0.349143224,h195:h230
534,1/21/2026,3,72,CT,-22,E,colorless,G18,,,0,0,0.349143224,h195:h230
552,1/21/2026,3,72,Dead Control,,,colorless,G19,,,0,0,0.349143224,h195:h230
553,1/21/2026,3,72,CT,-22,D,colorless,H19,,,0,0,0.349143224,h195:h230
536,1/21/2026,3,72,CT,-22,A,purple,I18,,,0.956922569,1,0.349143224,h195:h230
554,1/21/2026,3,72,CT,-22,E,colorless,I19,,thick,0,0,0.349143224,h195:h230
537,1/21/2026,3,72,Dead Control,,,colorless,J18,,dry,0,0,0.349143224,h195:h230
556,1/21/2026,3,36,Dead Control,,,colorless,J20,,dry,0.000246998,0,0.349143224,h195:h230
538,1/21/2026,3,72,CT,-22,D,colorless,K18,,thick,0,0,0.349143224,h195:h230
557,1/21/2026,3,72,Live Control,,,purple,K19,,,0.998273506,1,0.349143224,h195:h230
539,1/21/2026,3,72,CT,-22,C,colorless,L18,,,0,0,0.349143224,h195:h230
558,1/21/2026,3,72,CT,-22,A,purple,L19,,,0.757488587,1,0.349143224,h195:h230
540,1/21/2026,3,72,CT,-22,F,colorless,N18,,,0,0,0.349143224,h195:h230
559,1/21/2026,3,72,CT,-22,F,colorless,N19,,,0,0,0.349143224,h195:h230
541,1/21/2026,3,72,CT,-22,B,colorless,O18,,,0,0,0.349143224,h195:h230
560,1/21/2026,3,72,CT,-22,G,colorless,O19,,,0.624791435,1,0.349143224,h195:h230
542,1/21/2026,3,72,CT,-22,E,colorless,P18,,,0,0,0.349143224,h195:h230
561,1/21/2026,3,72,CT,-22,B,colorless,P19,,,0,0,0.349143224,h195:h230
543,1/21/2026,3,72,Live Control,,,purple,Q18,,,0.877086023,1,0.349143224,h195:h230
562,1/21/2026,3,72,CT,-22,D,colorless,Q19,,,0,0,0.349143224,h195:h230
979,3/2/2026,3,72,CT,-18,C,colorless,E10,,thick,7.60E-05,0,0.549035819,h195:h230
961,3/2/2026,3,72,CT,-18,F,colorless,E20,,,0.002128052,0,0.549035819,h195:h230
980,3/2/2026,3,72,Live Control,,,purple,F10,,,0.928275018,1,0.549035819,h195:h230
927,3/2/2026,3,72,CT,-22,E,colorless,F7,,thick,0,0,0.549035819,h195:h230
963,3/2/2026,3,72,CT,-22,A,purple,F9,,,0.978750472,1,0.549035819,h195:h230
981,3/2/2026,3,72,Dead Control,,,colorless,G10,,dry,0.001891225,0,0.549035819,h195:h230
928,3/2/2026,3,72,CT,-18,D,colorless,G7,,,0.000120788,0,0.549035819,h195:h230
964,3/2/2026,3,72,CT,-22,B,colorless,G9,,,0.000393013,0,0.549035819,h195:h230
982,3/2/2026,3,72,CT,-22,E,colorless,H10,,,0.00055624,0,0.549035819,h195:h230
1135,3/2/2026,3,72,Live Control,,,,H14,,,0.999949593,1,0.549035819,h195:h230
929,3/2/2026,3,72,CT,-22,G,purple,H7,,,0.003194612,0,0.549035819,h195:h230
946,3/2/2026,3,72,CT,-22,G,purple,H8,,,0.552416877,1,0.549035819,h195:h230
965,3/2/2026,3,72,CT,-22,F,colorless,H9,,thick,0,0,0.549035819,h195:h230
983,3/2/2026,3,72,CT,-18,E,purple,I19,,,0.733112745,1,0.549035819,h195:h230
930,3/2/2026,3,72,Dead Control,,,colorless,I7,,dry,0.015743347,0,0.549035819,h195:h230
947,3/2/2026,3,72,CT,-18,A,colorless,I8,,,9.47E-05,0,0.549035819,h195:h230
966,3/2/2026,3,72,CT,-18,A,colorless,I9,,thick,0,0,0.549035819,h195:h230
1137,3/2/2026,3,72,Dead Control,,,colorless,J11,,dry,0.169796619,0,0.549035819,h195:h230
1136,3/2/2026,3,72,Live Control,,,,J15,,,0.996070162,1,0.549035819,h195:h230
984,3/2/2026,3,72,CT,-18,A,colorless,J19,,thick,0,0,0.549035819,h195:h230
931,3/2/2026,3,72,CT,-22,B,colorless,J7,,,0,0,0.549035819,h195:h230
985,3/2/2026,3,72,Dead Control,,,colorless,K10,,,0.00139643,0,0.549035819,h195:h230
932,3/2/2026,3,72,CT,-18,B,colorless,K7,,,0.00139643,0,0.549035819,h195:h230
949,3/2/2026,3,72,CT,-22,C,colorless,K8,,,0,0,0.549035819,h195:h230
968,3/2/2026,3,72,CT,-18,C,purple,K9,,,0.959978166,1,0.549035819,h195:h230
933,3/2/2026,3,72,CT,-18,A,colorless,L7,,thick,0.000801168,0,0.549035819,h195:h230
950,3/2/2026,3,72,CT,-18,C,colorless,L8,,thick,0,0,0.549035819,h195:h230
969,3/2/2026,3,72,CT,-22,C,colorless,L9,,thick,0,0,0.549035819,h195:h230
934,3/2/2026,3,72,CT,-18,G,purple,N7,,,0.893833627,1,0.549035819,h195:h230
951,3/2/2026,3,72,CT,-22,F,light purple,N8,,,0.070108896,0,0.549035819,h195:h230
970,3/2/2026,3,72,CT,-18,D,colorless,N9,,,1.14E-05,0,0.549035819,h195:h230
935,3/2/2026,3,72,CT,-22,C,colorless,O7,,,0,0,0.549035819,h195:h230
936,3/2/2026,3,72,CT,-18,C,purple,P7,,,9.95E-01,1,0.549035819,h195:h230
953,3/2/2026,3,72,CT,-18,B,purple,P8,,,0.975855645,1,0.549035819,h195:h230
937,3/2/2026,3,72,CT,-22,F,colorless,Q7,,,0,0,0.549035819,h195:h230
973,3/2/2026,3,72,CT,-22,D,colorless,Q9,,thick,0,0,0.549035819,h195:h230
938,3/2/2026,3,72,CT,-22,A,purple,R6,,,0.993104374,1,0.549035819,h195:h230
955,3/2/2026,3,72,CT,-22,A,purple,R8,,,0.9704552,1,0.549035819,h195:h230
974,3/2/2026,3,72,CT,-18,B,purple,R9,,,1,1,0.549035819,h195:h230
1134,3/2/2026,3,72,Live Control,,,,S10,,,0.985929644,1,0.549035819,h195:h230
939,3/2/2026,3,72,Live Control,,,purple,S7,,,0.996043182,1,0.549035819,h195:h230
956,3/2/2026,3,72,CT,-22,E,colorless,S8,,,0,0,0.549035819,h195:h230
975,3/2/2026,3,72,CT,-18,G,purple,S9,,,0.972038224,1,0.549035819,h195:h230
976,3/2/2026,3,72,CT,-22,C,colorless,T9,,thick,0,0,0.549035819,h195:h230
941,3/2/2026,3,72,CT,-22,D,colorless,U7,,,0,0,0.549035819,h195:h230
977,3/2/2026,3,72,CT,-22,A,purple,U9,,,1,1,0.549035819,h195:h230
1138,3/2/2026,3,72,Dead Control,,,colorless,V14,,"dry, moldy",0.095699299,0,0.549035819,h195:h230
942,3/2/2026,3,72,CT,-22,B,faint purple,V7,,,0.00014556,0,0.549035819,h195:h230
959,3/2/2026,3,72,CT,-18,B,colorless,V8,,,0.000352455,0,0.549035819,h195:h230
960,3/2/2026,3,72,CT,-18,G,purple,W8,,,0.997512456,1,0.549035819,h195:h230
566,1/21/2026,4,96,Live Control,,,purple,A1,,,0.999710313,1,0.408683676,h195:h230
583,1/21/2026,4,96,CT,-22,A,colorless,A2,,,0,0,0.408683676,h195:h230
599,1/21/2026,4,96,CT,-18,A,colorless,A3,,,0,0,0.408683676,h195:h230
614,1/21/2026,4,96,CT,-22,E,colorless,A4,,,0,0,0.408683676,h195:h230
632,1/21/2026,4,96,Dead Control,,,colorless,A6,,"new bvt, dry",2.53E-05,0,0.4665802,h195:h230
579,1/21/2026,4,96,CT,-22,F,light purple,AA1,,,0.289038748,0,0.408683676,h195:h230
596,1/21/2026,4,96,CT,-18,G,colorless,AA2,,,0.001003105,0,0.408683676,h195:h230
612,1/21/2026,4,96,CT,3,A,purple,AA3,,,0.89092376,1,0.408683676,h195:h230
628,1/21/2026,4,96,CT,-18,B,colorless,AA4,,,0,0,0.408683676,h195:h230
645,1/21/2026,4,96,CT,-18,E,colorless,AA6,,,0.000213529,0,0.4665802,h195:h230
567,1/21/2026,4,96,CT,-22,C,colorless,B1,,thick,0,0,0.408683676,h195:h230
584,1/21/2026,4,96,CT,-18,E,colorless,B2,,,0,0,0.408683676,h195:h230
600,1/21/2026,4,96,CT,-22,G,colorless,B3,,,0,0,0.408683676,h195:h230
633,1/21/2026,4,96,CT,3,D,purple,B6,,,0.996418564,1,0.4665802,h195:h230
651,1/21/2026,4,96,CT,-18,E,colorless,BB3,,,0,0,0.4665802,h195:h230
568,1/21/2026,4,96,CT,-18,D,purple,C1,,,0.906893094,1,0.408683676,h195:h230
585,1/21/2026,4,96,CT,-18,B,colorless,C2,,,0,0,0.408683676,h195:h230
601,1/21/2026,4,96,CT,3,A,purple,C3,,,0.999474904,1,0.408683676,h195:h230
617,1/21/2026,4,96,CT,-18,F,colorless,C4,,,0,0,0.408683676,h195:h230
634,1/21/2026,4,96,CT,3,B,purple,C6,,,0.98418615,1,0.4665802,h195:h230
629,1/21/2026,4,96,CT,-18,A,light purple,CC4,,,0.001424534,0,0.408683676,h195:h230
646,1/21/2026,4,96,CT,-22,E,colorless,CC6,,,0,0,0.4665802,h195:h230
586,1/21/2026,4,96,CT,-22,G,colorless,D2,,,0,0,0.408683676,h195:h230
602,1/21/2026,4,96,Live Control,,,purple,D3,,,0.817367351,1,0.408683676,h195:h230
618,1/21/2026,4,96,CT,-22,C,colorless,D4,,,0,0,0.408683676,h195:h230
635,1/21/2026,4,96,CT,-18,G,colorless,D6,,,0,0,0.4665802,h195:h230
581,1/21/2026,4,96,Dead Control,,,colorless,DD1,,dry,0,0,0.408683676,h195:h230
630,1/21/2026,4,96,Dead Control,,,colorless,DD4,,,0,0,0.408683676,h195:h230
647,1/21/2026,4,96,CT,-18,F,colorless,DD6,,,0,0,0.4665802,h195:h230
649,1/21/2026,4,96,CT,3,E,purple,DD7,,,0.996171449,1,0.4665802,h195:h230
582,1/21/2026,4,96,CT,-18,G,colorless,EE1,,,0,0,0.408683676,h195:h230
650,1/21/2026,4,96,CT,3,B,purple,EE3,,,0.869663622,1,0.4665802,h195:h230
631,1/21/2026,4,96,CT,3,A,purple,EE4,,,0.98865445,1,0.408683676,h195:h230
570,1/21/2026,4,96,CT,-18,A,purple,R1,,,0.736346237,1,0.408683676,h195:h230
587,1/21/2026,4,96,Live Control,,,purple,R2,,,1,1,0.408683676,h195:h230
603,1/21/2026,4,96,CT,-18,B,colorless,R3,,,0,0,0.408683676,h195:h230
619,1/21/2026,4,96,CT,3,B,purple,R4,,,0.991831767,1,0.408683676,h195:h230
636,1/21/2026,4,96,CT,-22,F,light purple,R6,,,9.07E-05,0,0.4665802,h195:h230
588,1/21/2026,4,96,CT,3,D,purple,S2,,,0.936604437,1,0.408683676,h195:h230
604,1/21/2026,4,96,CT,-22,B,colorless,S3,,thick,0,0,0.408683676,h195:h230
620,1/21/2026,4,96,Live Control,,,purple,S4,,,0.864089375,1,0.408683676,h195:h230
572,1/21/2026,4,96,CT,-22,E,colorless,T1,,,0,0,0.408683676,h195:h230
589,1/21/2026,4,96,Dead Control,,,colorless,T2,,,0,0,0.408683676,h195:h230
621,1/21/2026,4,96,CT,-18,G,colorless,T4,,thick,0,0,0.408683676,h195:h230
638,1/21/2026,4,96,CT,-22,A,colorless,T6,,,0.03441097,0,0.4665802,h195:h230
573,1/21/2026,4,96,CT,3,B,purple,U1,,,0.79345224,1,0.408683676,h195:h230
590,1/21/2026,4,96,CT,3,E,purple,U2,,,0.969066093,1,0.408683676,h195:h230
606,1/21/2026,4,96,CT,-22,C,colorless,U3,,thick,5.03E-05,0,0.408683676,h195:h230
639,1/21/2026,4,96,CT,-22,C,colorless,U6,,,0,0,0.4665802,h195:h230
574,1/21/2026,4,96,CT,3,C,purple,V1,,,0.955392464,1,0.408683676,h195:h230
591,1/21/2026,4,96,CT,-22,E,"colorless, speck of purple",V2,,,0.004158711,0,0.408683676,h195:h230
607,1/21/2026,4,96,CT,3,C,purple,V3,,,0.997469199,1,0.408683676,h195:h230
623,1/21/2026,4,96,CT,-22,B,colorless,V4,,,0,0,0.408683676,h195:h230
640,1/21/2026,4,96,CT,-18,B,colorless,V6,,,0,0,0.4665802,h195:h230
575,1/21/2026,4,96,CT,-22,B,colorless,W1,,,5.97E-05,0,0.408683676,h195:h230
592,1/21/2026,4,96,CT,3,B,colorless,W2,,,0.007883855,0,0.408683676,h195:h230
608,1/21/2026,4,96,CT,-22,A,colorless,W3,,,0,0,0.408683676,h195:h230
624,1/21/2026,4,96,CT,3,E,purple,W4,,,0.943177154,1,0.408683676,h195:h230
641,1/21/2026,4,96,CT,-18,D,purple,W6,,,0.974794787,1,0.4665802,h195:h230
593,1/21/2026,4,96,CT,-18,F,colorless,X2,,,0.000317963,0,0.408683676,h195:h230
609,1/21/2026,4,96,CT,-22,D,colorless,X3,,,0,0,0.408683676,h195:h230
625,1/21/2026,4,96,CT,3,C,purple,X4,,,0.912604237,1,0.408683676,h195:h230
642,1/21/2026,4,96,CT,3,C,purple,X6,,,0.913049765,1,0.4665802,h195:h230
577,1/21/2026,4,96,CT,3,A,purple,Y1,,,0.721577042,1,0.408683676,h195:h230
594,1/21/2026,4,96,CT,-18,E,colorless,Y2,,,0,0,0.408683676,h195:h230
610,1/21/2026,4,96,Dead Control,,,colorless,Y3,,,0,0,0.408683676,h195:h230
626,1/21/2026,4,96,CT,3,D,purple,Y4,,,0.909046444,1,0.408683676,h195:h230
643,1/21/2026,4,96,Live Control,,,purple,Y6,,,0.933135131,1,0.4665802,h195:h230
578,1/21/2026,4,96,CT,3,D,purple,Z1,,,0.947649031,1,0.408683676,h195:h230
595,1/21/2026,4,96,CT,-22,D,colorless,Z2,,,0,0,0.408683676,h195:h230
611,1/21/2026,4,96,CT,-22,G,colorless,Z3,,,0,0,0.408683676,h195:h230
627,1/21/2026,4,96,CT,-22,A,colorless,Z4,,,0,0,0.408683676,h195:h230
644,1/21/2026,4,96,CT,-22,D,colorless,Z6,,,0,0,0.4665802,h195:h230
1018,3/2/2026,4,96,Live Control,,,purple,AA1,,,0.998777217,1,0.397816554,h195:h230
1037,3/2/2026,4,96,CT,3,A,purple,AA2,,,0.79320544,1,0.397816554,h195:h230
1072,3/2/2026,4,96,CT,-18,G,colorless,AA3,,,0.000414001,0,0.397816554,h195:h230
1055,3/2/2026,4,96,Dead Control,,,colorless,AA4,,dry,0.000286847,0,0.397816554,h195:h230
1019,3/2/2026,4,96,CT,-22,G,colorless,BB1,,thick,0.007784162,0,0.397816554,h195:h230
1039,3/2/2026,4,96,CT,3,E,purple,BB3,,,0.999713273,1,0.397816554,h195:h230
1056,3/2/2026,4,96,CT,3,E,purple,BB4,,,0.946449616,1,0.397816554,h195:h230
1020,3/2/2026,4,96,CT,3,D,purple,CC1,,,0.938247641,1,0.397816554,h195:h230
1057,3/2/2026,4,96,CT,-22,G,,CC2,,dry,0.000468364,0,0.397816554,h195:h230
986,3/2/2026,4,96,CT,-22,E,colorless,E16,,thick,0,0,0.397816554,h195:h230
1003,3/2/2026,4,96,CT,-18,A,colorless,E17,,thick,0,0,0.397816554,h195:h230
1021,3/2/2026,4,96,CT,3,E,purple,E18,,,0.939379281,1,0.397816554,h195:h230
1040,3/2/2026,4,96,Dead Control,,,colorless,E19,,,0.001787037,0,0.397816554,h195:h230
987,3/2/2026,4,96,CT,-18,E,colorless,F16,,,0.001787037,0,0.397816554,h195:h230
1004,3/2/2026,4,96,Live Control,,,purple,F17,,,0.926497264,1,0.397816554,h195:h230
1022,3/2/2026,4,96,CT,-22,D,colorless,F18,,,0,0,0.397816554,h195:h230
1058,3/2/2026,4,96,CT,-18,E,colorless,F20,,,0.006075239,0,0.397816554,h195:h230
988,3/2/2026,4,96,Dead Control,,,colorless,G16,,dry,0,0,0.397816554,h195:h230
1005,3/2/2026,4,96,CT,-22,D,colorless,G17,,,0.001421107,0,0.397816554,h195:h230
1023,3/2/2026,4,96,CT,-22,C,colorless,G18,,,0.000168671,0,0.397816554,h195:h230
1042,3/2/2026,4,96,CT,-18,A,colorless,G19,,thick,0,0,0.397816554,h195:h230
1059,3/2/2026,4,96,CT,-22,A,colorless,G20,,thick,0.000106364,0,0.397816554,h195:h230
989,3/2/2026,4,96,CT,3,E,purple,H16,,,0.949537398,1,0.397816554,h195:h230
1024,3/2/2026,4,96,CT,-18,B,colorless,H18,,,0,0,0.397816554,h195:h230
1043,3/2/2026,4,96,CT,-22,A,colorless,H19,,thick,0,0,0.397816554,h195:h230
990,3/2/2026,4,96,CT,3,A,purple,I16,,,0.95572226,1,0.397816554,h195:h230
1007,3/2/2026,4,96,Live Control,,,purple,I17,,,0.998040411,1,0.397816554,h195:h230
1025,3/2/2026,4,96,CT,-18,A,colorless,I18,,thick,0,0,0.397816554,h195:h230
1061,3/2/2026,4,96,CT,-22,D,colorless,I20,,,0,0,0.397816554,h195:h230
991,3/2/2026,4,96,CT,-18,B,colorless,J16,,,1.36E-05,0,0.397816554,h195:h230
1008,3/2/2026,4,96,CT,3,B,purple,J17,,,0.984164192,1,0.397816554,h195:h230
1026,3/2/2026,4,96,CT,-22,F,colorless,J18,,,0,0,0.397816554,h195:h230
1045,3/2/2026,4,96,CT,3,C,purple,J19,,,0.94834188,1,0.397816554,h195:h230
1062,3/2/2026,4,96,CT,3,C,purple,J20,,,0.984710744,1,0.397816554,h195:h230
992,3/2/2026,4,96,CT,-18,F,colorless,K16,,thick,0,0,0.397816554,h195:h230
1009,3/2/2026,4,96,CT,-18,C,colorless,K17,,,0,0,0.397816554,h195:h230
1063,3/2/2026,4,96,CT,-18,A,colorless,K20,,,0.013670823,0,0.397816554,h195:h230
1010,3/2/2026,4,96,CT,-18,E,colorless,L17,,,0,0,0.397816554,h195:h230
1028,3/2/2026,4,96,CT,-18,D,colorless,L18,,,0,0,0.397816554,h195:h230
1047,3/2/2026,4,96,CT,-22,G,light purple,L19,,,0.033084656,0,0.397816554,h195:h230
1064,3/2/2026,4,96,CT,-18,D,colorless,L20,,,0,0,0.397816554,h195:h230
994,3/2/2026,4,96,CT,-22,A,colorless,N16,,thick,0,0,0.397816554,h195:h230
1011,3/2/2026,4,96,CT,3,A,purple,N17,,,0.94609167,1,0.397816554,h195:h230
1029,3/2/2026,4,96,Dead Control,,,colorless,N18,,,0,0,0.397816554,h195:h230
1048,3/2/2026,4,96,CT,-22,B,colorless,N19,,,0,0,0.397816554,h195:h230
1065,3/2/2026,4,96,CT,-22,F,colorless,N20,,thick,7.63E-05,0,0.397816554,h195:h230
1012,3/2/2026,4,96,CT,-18,G,purple,O17,,,0.716676751,1,0.397816554,h195:h230
1049,3/2/2026,4,96,CT,-22,E,colorless,O19,,,0.001254558,0,0.397816554,h195:h230
1066,3/2/2026,4,96,CT,3,B,purple,O20,,,0.921599685,1,0.397816554,h195:h230
996,3/2/2026,4,96,CT,-22,G,purple,P16,,,0.904788926,1,0.397816554,h195:h230
1013,3/2/2026,4,96,CT,-22,A,colorless,P17,,thick,0,0,0.397816554,h195:h230
1031,3/2/2026,4,96,Live Control,,,purple,P18,,,0.999454607,1,0.397816554,h195:h230
1067,3/2/2026,4,96,CT,-18,C,colorless,P20,,,0,0,0.397816554,h195:h230
997,3/2/2026,4,96,CT,3,C,purple,Q16,,,0.99545327,1,0.397816554,h195:h230
1014,3/2/2026,4,96,Dead Control,,,colorless,Q17,,,0,0,0.397816554,h195:h230
1032,3/2/2026,4,96,CT,-22,C,colorless,Q18,,,0,0,0.397816554,h195:h230
1051,3/2/2026,4,96,CT,3,A,purple,Q19,,,0.977455401,1,0.397816554,h195:h230
998,3/2/2026,4,96,CT,3,D,purple,R16,,,0.992799791,1,0.397816554,h195:h230
999,3/2/2026,4,96,CT,-18,G,colorless,S16,,,0,0,0.397816554,h195:h230
1001,3/2/2026,4,96,CT,3,B,purple,U16,,,0.999070783,1,0.397816554,h195:h230
1002,3/2/2026,4,96,CT,-22,C,colorless,V16,,thick,1.41E-05,0,0.397816554,h195:h230
1015,3/2/2026,4,96,CT,-22,B,colorless,X17,,,0,0,0.397816554,h195:h230
1033,3/2/2026,4,96,CT,3,D,purple,X2,,,0.997520772,1,0.397816554,h195:h230
1069,3/2/2026,4,96,CT,-22,C,colorless,X3,,thick,0.00028297,0,0.397816554,h195:h230
1052,3/2/2026,4,96,CT,-18,B,colorless,X4,,,4.91E-06,0,0.397816554,h195:h230
1034,3/2/2026,4,96,CT,-22,F,colorless,Y2,,,0,0,0.397816554,h195:h230
1070,3/2/2026,4,96,CT,3,D,purple,Y3,,,0.968865059,1,0.397816554,h195:h230
1053,3/2/2026,4,96,Live Control,,,purple,Y4,,,0.793846072,1,0.397816554,h195:h230
1017,3/2/2026,4,96,CT,3,C,purple,Z17,,,0.86467466,1,0.397816554,h195:h230
1036,3/2/2026,4,96,CT,-22,D,colorless,Z3,,,0,0,0.397816554,h195:h230
1054,3/2/2026,4,96,CT,-18,G,faint purple,Z4,,,0,0,0.397816554,h195:h230
1073,3/2/2026,5,120,CT,3,D,purple,A17,,,0.988581474,1,0.353956857,h195:h230
1088,3/2/2026,5,120,CT,3,B,purple,A18,,,0.99942131,1,0.353956857,h195:h230
1106,3/2/2026,5,120,Live Control,,,purple,A19,,,0.706053828,1,0.353956857,h195:h230
1123,3/2/2026,5,120,CT,3,A,purple,A20,,,0.886680709,1,0.353956857,h195:h230
1086,3/2/2026,5,120,CT,-18,B,colorless,AA17,,,0,0,0.353956857,h195:h230
1101,3/2/2026,5,120,Live Control,,,purple,AA18,,,0.862115799,1,0.353956857,h195:h230
1118,3/2/2026,5,120,CT,3,E,purple,AA19,,,0.881751665,1,0.353956857,h195:h230
1074,3/2/2026,5,120,CT,3,C,colorless,B17,,thick,0.001234755,0,0.353956857,h195:h230
1089,3/2/2026,5,120,Dead Control,,,colorless,B18,,dry,0.001859885,0,0.353956857,h195:h230
1087,3/2/2026,5,120,Dead Control,,,colorless,BB17,,dry,0,0,0.353956857,h195:h230
1102,3/2/2026,5,120,Live Control,,,purple,BB18,,,0.943470363,1,0.353956857,h195:h230
1119,3/2/2026,5,120,CT,3,D,purple,BB19,,,0.90687228,1,0.353956857,h195:h230
1075,3/2/2026,5,120,CT,3,E,purple,C17,,,0.994987709,1,0.353956857,h195:h230
1090,3/2/2026,5,120,CT,-18,C,colorless,C18,,,0.001819136,0,0.353956857,h195:h230
1108,3/2/2026,5,120,CT,-18,G,colorless,C19,,,0.016681432,0,0.353956857,h195:h230
1125,3/2/2026,5,120,CT,-18,D,colorless,C20,,,0.001424254,0,0.353956857,h195:h230
1103,3/2/2026,5,120,CT,-18,F,colorless,CC18,,,0,0,0.353956857,h195:h230
1120,3/2/2026,5,120,Live Control,,,purple,CC19,,,0.990263541,1,0.353956857,h195:h230
1076,3/2/2026,5,120,CT,-18,D,colorless,D17,,thick,1.07E-05,0,0.353956857,h195:h230
1109,3/2/2026,5,120,CT,-18,A,colorless,D19,,thick,0,0,0.353956857,h195:h230
1104,3/2/2026,5,120,CT,-18,B,colorless,DD18,,,0,0,0.353956857,h195:h230
1121,3/2/2026,5,120,Dead Control,,,colorless,DD19,,dry,0,0,0.353956857,h195:h230
1122,3/2/2026,5,120,CT,-18,C,colorless,EE19,,,0,0,0.353956857,h195:h230
1077,3/2/2026,5,120,CT,3,B,purple,R17,,,0.943361271,1,0.353956857,h195:h230
1093,3/2/2026,5,120,CT,3,A,purple,R18,,,0.994909219,1,0.353956857,h195:h230
1110,3/2/2026,5,120,CT,3,D,purple,R19,,,0.859817794,1,0.353956857,h195:h230
1078,3/2/2026,5,120,CT,-18,E,colorless,S17,,thick,0,0,0.353956857,h195:h230
1092,3/2/2026,5,120,CT,-18,B,colorless,S18,,,0,0,0.353956857,h195:h230
1128,3/2/2026,5,120,CT,-18,A,colorless,S20,,thick,0,0,0.353956857,h195:h230
1079,3/2/2026,5,120,Dead Control,,,colorless,T17,,dry,0.000380174,0,0.353956857,h195:h230
1094,3/2/2026,5,120,CT,-18,G,colorless,T18,,,0.000130843,0,0.353956857,h195:h230
1111,3/2/2026,5,120,CT,3,A,purple,T19,,,0.997549561,1,0.353956857,h195:h230
1080,3/2/2026,5,120,CT,-18,G,colorless,U17,,,0,0,0.353956857,h195:h230
1095,3/2/2026,5,120,CT,-18,F,colorless,U18,,,0,0,0.353956857,h195:h230
1112,3/2/2026,5,120,CT,-18,C,colorless,U19,,,0.000103052,0,0.353956857,h195:h230
1130,3/2/2026,5,120,CT,-18,B,colorless,U20,,thick,0.000733123,0,0.353956857,h195:h230
1081,3/2/2026,5,120,Live Control,,,purple,V17,,,0.736777827,1,0.353956857,h195:h230
1113,3/2/2026,5,120,CT,3,B,purple,V19,,,0.933350334,1,0.353956857,h195:h230
1131,3/2/2026,5,120,CT,-18,A,colorless,V20,,thick,0,0,0.353956857,h195:h230
1082,3/2/2026,5,120,CT,-18,A,colorless,W17,,thick,0,0,0.353956857,h195:h230
1097,3/2/2026,5,120,CT,3,E,purple,W18,,,0.909357635,1,0.353956857,h195:h230
1114,3/2/2026,5,120,Dead Control,,,colorless,W19,,,9.77E-05,0,0.353956857,h195:h230
1132,3/2/2026,5,120,CT,3,B,purple,W20,,,0.873922187,1,0.353956857,h195:h230
1083,3/2/2026,5,120,CT,3,A,purple,X17,,,0.985228147,1,0.353956857,h195:h230
1098,3/2/2026,5,120,CT,-18,A,colorless,X18,,thick,0,0,0.353956857,h195:h230
1115,3/2/2026,5,120,CT,3,C,purple,X19,,,0.716109171,1,0.353956857,h195:h230
1099,3/2/2026,5,120,CT,-18,E,colorless,Y18,,,0.001269294,0,0.353956857,h195:h230
1116,3/2/2026,5,120,CT,3,E,purple,Y19,,,0.930966873,1,0.353956857,h195:h230
1085,3/2/2026,5,120,CT,-18,C,colorless,Z17,,,0,0,0.353956857,h195:h230
1100,3/2/2026,5,120,CT,-18,D,colorless,Z18,,,0,0,0.353956857,h195:h230
1117,3/2/2026,5,120,CT,3,B,purple,Z19,,,0.950718868,1,0.353956857,h195:h230
652,1/21/2026,8,192,Live Control,-18,,purple,A7,,,0.985453654,1,0.495402979,h195:h230
669,1/21/2026,8,192,CT,-18,E,colorless,A8,,,0,0,0.495402979,h195:h230
665,1/21/2026,8,192,CT,-18,A,colorless,AA7,,thick,0,0,0.495402979,h195:h230
687,1/21/2026,8,192,CT,-18,F,colorless,BB4,,thick,0,0,0.495402979,h195:h230
685,1/21/2026,8,192,Live Control,-18,,colorless,BB9,1,thick,0,0,0.495402979,h195:h230
654,1/21/2026,8,192,CT,-18,D,colorless,C7,,,8.35799E-06,0,0.495402979,h195:h230
671,1/21/2026,8,192,Live Control,-18,,purple,C8,,,0.998620006,1,0.495402979,h195:h230
666,1/21/2026,8,192,Dead Control,-18,,colorless,CC7,,dry,0,0,0.495402979,h195:h230
683,1/21/2026,8,192,CT,-18,A,colorless,CC8,,thick,0.000269085,0,0.495402979,h195:h230
672,1/21/2026,8,192,CT,-18,B,colorless,D8,,thick,0,0,0.495402979,h195:h230
667,1/21/2026,8,192,CT,-18,F,colorless,DD8,,,0,0,0.495402979,h195:h230
686,1/21/2026,8,192,CT,-18,D,colorless,DD9,,,0,0,0.495402979,h195:h230
684,1/21/2026,8,192,Dead Control,-18,,colorless,EE8,,,0,0,0.495402979,h195:h230
656,1/21/2026,8,192,CT,-18,E,colorless,R7,,,0,0,0.495402979,h195:h230
673,1/21/2026,8,192,CT,-18,E,colorless,R8,,,0.004336872,0,0.495402979,h195:h230
657,1/21/2026,8,192,Live Control,-18,,purple,S7,,,0.999752205,1,0.495402979,h195:h230
674,1/21/2026,8,192,CT,-18,A,colorless,S8,,thick,0,0,0.495402979,h195:h230
675,1/21/2026,8,192,CT,-18,G,colorless,T8,,,0.014795524,0,0.495402979,h195:h230
659,1/21/2026,8,192,Dead Control,-18,,colorless,U7,,,0.005352305,0,0.495402979,h195:h230
676,1/21/2026,8,192,Dead Control,-18,,colorless,U8,,,0.005352305,0,0.495402979,h195:h230
660,1/21/2026,8,192,CT,-18,C,colorless,V7,,thick,0.024431249,0,0.495402979,h195:h230
677,1/21/2026,8,192,CT,-18,D,colorless,V8,,,0.052918151,0,0.495402979,h195:h230
661,1/21/2026,8,192,CT,-18,A,colorless,W7,,thick,0.001256067,0,0.495402979,h195:h230
678,1/21/2026,8,192,CT,-18,F,colorless,W8,,thick,0.117822334,0,0.495402979,h195:h230
663,1/21/2026,8,192,CT,-18,G,colorless,Y7,,,0.010692404,0,0.495402979,h195:h230
664,1/21/2026,8,192,Live Control,-18,,purple,Z7,,,0.994223665,1,0.495402979,h195:h230
681,1/21/2026,8,192,CT,-18,G,colorless,Z8,,,0.002179057,0,0.495402979,h195:h230
705,1/21/2026,11,264,CT,3,A,purple,A10,,,0.997646981,1,0.550167189,h195:h230
689,1/21/2026,11,264,Live Control,3,,purple,A9,,,0.997625436,1,0.550167189,h195:h230
702,1/21/2026,11,264,Dead Control,3,,colorless,AA9,,"dry, moldy",0.11508158,0,0.550167189,h195:h230
706,1/21/2026,11,264,CT,3,C,purple,B10,,,0.982286927,1,0.550167189,h195:h230
691,1/21/2026,11,264,CT,3,D,purple,C9,,,0.973222243,1,0.550167189,h195:h230
708,1/21/2026,11,264,CT,3,B,purple,D10,,,0.834517236,1,0.550167189,h195:h230
692,1/21/2026,11,264,Dead Control,3,,colorless,D9,,dry,0.13626078,0,0.550167189,h195:h230
718,1/21/2026,11,264,CT,3,A,purple,EE9,,,0.964561574,1,0.550167189,h195:h230
709,1/21/2026,11,264,Dead Control,3,,colorless,R10,,,0,0,0.550167189,h195:h230
693,1/21/2026,11,264,CT,3,C,purple,R9,,,0.995512216,1,0.550167189,h195:h230
710,1/21/2026,11,264,CT,3,D,purple,S10,,,0.995512216,1,0.550167189,h195:h230
694,1/21/2026,11,264,CT,3,A,purple,S9,,,1,1,0.550167189,h195:h230
711,1/21/2026,11,264,Live Control,3,,purple,T10,,,0.93258265,1,0.550167189,h195:h230
695,1/21/2026,11,264,CT,3,B,purple,T9,,,0.998824402,1,0.550167189,h195:h230
712,1/21/2026,11,264,CT,3,B,purple,U10,,,0.975124934,1,0.550167189,h195:h230
696,1/21/2026,11,264,Dead Control,3,,colorless,U9,,dry,0.167751728,0,0.550167189,h195:h230
713,1/21/2026,11,264,CT,3,C,purple,V10,,,0.992220935,1,0.550167189,h195:h230
697,1/21/2026,11,264,CT,3,B,purple,V9,,,0.999731645,1,0.550167189,h195:h230
714,1/21/2026,11,264,Live Control,3,,purple,W10,,,0.999921088,1,0.550167189,h195:h230
698,1/21/2026,11,264,Live Control,3,,purple,W9,,,0.998124518,1,0.550167189,h195:h230
715,1/21/2026,11,264,Dead Control,3,,colorless,X10,,,0.006966672,0,0.550167189,h195:h230
699,1/21/2026,11,264,CT,3,C,purple,X9,,,0.977716454,1,0.550167189,h195:h230
700,1/21/2026,11,264,CT,3,D,purple,Y9,,,0.949579046,1,0.550167189,h195:h230
701,1/21/2026,11,264,CT,3,A,purple,Z9,,,1,1,0.550167189,h195:h230
